year,position,name,team,avg,game_cnt,pa,ab,r,hit,2b,3b,home_run,tb,rbi,sac,sf
2022,포수,이병헌,삼성,0.750,3,4,4,1,3,1,0,0,4,1,0,0
2022,포수,권다결,KIA,0.500,2,2,2,0,1,0,0,0,1,1,0,0
2022,포수,김재성,삼성,0.335,63,185,161,16,54,10,0,3,73,26,1,3
2022,포수,안승한,두산,0.333,30,39,36,5,12,3,0,0,15,8,1,0
2022,포수,김선우,KIA,0.333,3,4,3,1,1,0,0,0,1,0,0,0
2022,포수,김태군,삼성,0.298,102,235,205,20,61,11,0,2,78,25,6,3
2022,포수,양의지,NC,0.283,130,510,427,61,121,24,0,20,205,94,0,10
2022,포수,김준태,KT,0.273,98,270,231,28,63,16,1,4,93,27,3,3
2022,포수,이지영,키움,0.267,137,450,420,38,112,13,4,2,139,37,8,0
2022,포수,장성우,KT,0.260,117,420,362,48,94,11,0,18,159,55,1,3
2022,포수,강민호,삼성,0.258,130,444,396,38,102,19,1,13,162,66,1,3
2022,포수,유강남,LG,0.255,139,469,416,54,106,16,0,8,146,47,6,2
2022,포수,박세혁,두산,0.248,128,402,351,33,87,13,1,3,111,41,8,4
2022,포수,허도환,LG,0.247,64,92,85,7,21,5,0,1,29,6,3,0
2022,포수,박동원,KIA,0.242,123,447,385,52,93,21,0,18,168,57,7,1
2022,포수,박유연,두산,0.235,13,19,17,0,4,0,0,0,4,2,0,0
2022,포수,박상언,한화,0.224,56,151,134,16,30,5,1,4,49,17,5,1
2022,포수,최재훈,한화,0.223,114,437,364,38,81,14,0,5,110,30,5,2
2022,포수,김기연,LG,0.222,12,9,9,0,2,0,0,0,2,1,0,0
2022,포수,김민식,SSG,0.221,104,266,222,30,49,9,1,2,66,28,7,3
2022,포수,허관회,한화,0.217,15,25,23,3,5,2,0,0,7,1,1,0
2022,포수,지시완,롯데,0.213,75,199,174,16,37,7,0,3,53,17,2,1
2022,포수,장승현,두산,0.208,60,109,96,6,20,3,0,0,23,9,3,1
2022,포수,김재현,키움,0.207,56,88,82,4,17,4,0,1,24,9,2,1
2022,포수,이재원,SSG,0.201,105,279,234,27,47,6,0,4,65,28,9,3
2022,포수,이재용,NC,0.200,8,6,5,1,1,0,0,1,4,2,0,0
2022,포수,백용환,한화,0.200,4,5,5,1,1,1,0,0,2,0,0,0
2022,포수,정보근,롯데,0.191,95,226,199,8,38,2,0,1,43,15,10,1
2022,포수,박대온,NC,0.181,59,133,127,8,23,4,0,1,30,10,3,1
2022,포수,한승택,KIA,0.176,66,119,102,11,18,2,0,1,23,12,4,1
2022,포수,조형우,SSG,0.167,9,13,12,2,2,1,0,0,3,1,0,0
2022,포수,허인서,한화,0.167,8,19,18,1,3,0,0,0,3,0,0,0
2022,포수,안중열,롯데,0.155,33,84,71,8,11,0,0,2,17,2,0,0
2022,포수,정범모,NC,0.143,5,7,7,0,1,0,0,0,1,1,0,0
2022,포수,김응민,NC,0.134,34,75,67,7,9,1,0,1,13,5,2,1
2022,포수,이현석,SSG,0.133,9,15,15,0,2,0,0,0,2,1,0,0
2022,포수,이흥련,SSG,0.133,22,55,45,4,6,2,0,0,8,1,3,0
2022,포수,강태율,롯데,0.094,19,38,32,0,3,1,0,0,4,3,3,0
2022,포수,김시앙,키움,0.083,13,14,12,1,1,0,0,0,1,0,1,0
2022,포수,문상인,KT,0.000,12,3,3,2,0,0,0,0,0,0,0,0
2022,포수,조대현,KT,0.000,6,4,4,0,0,0,0,0,0,0,0,0
2022,포수,최용제,두산,-,1,1,0,0,0,0,0,0,0,0,0,0
2022,포수,박재욱,LG,-,1,0,0,0,0,0,0,0,0,0,0,0
2022,포수,전경원,SSG,0.000,1,1,1,0,0,0,0,0,0,0,0,0
2022,포수,신범수,KIA,0.000,2,3,3,0,0,0,0,0,0,0,0,0
2022,포수,이정훈,KIA,0.000,6,10,8,0,0,0,0,0,0,0,0,0
2022,포수,이해창,한화,0.000,4,11,10,0,0,0,0,0,0,0,1,0
2022,내야수,강승호,두산,0.264,134,487,444,54,117,28,1,10,177,62,6,5
2022,내야수,변우혁,한화,0.262,21,61,61,5,16,3,0,3,28,8,0,0
2022,내야수,황재균,KT,0.262,141,581,519,59,136,25,3,10,197,64,2,2
2022,내야수,김인환,한화,0.261,113,429,398,48,104,14,0,16,166,54,0,4
2022,내야수,하주석,한화,0.258,125,483,445,50,115,18,2,5,152,58,1,3
2022,내야수,김정율,롯데,0.257,57,156,140,9,36,6,0,0,42,11,3,0
2022,내야수,손호영,LG,0.257,36,82,74,13,19,0,2,3,32,14,1,1
2022,내야수,황대인,KIA,0.256,129,524,476,40,122,27,0,14,191,91,0,5
2022,내야수,김상수,삼성,0.251,72,260,235,30,59,11,0,2,76,29,4,2
2022,내야수,송승환,두산,0.250,11,28,28,3,7,1,0,1,11,4,0,0
2022,내야수,김동진,삼성,0.250,5,4,4,0,1,1,0,0,2,0,0,0
2022,내야수,이상호,LG,0.250,60,80,72,9,18,2,0,0,20,5,3,0
2022,내야수,이명기,키움,0.250,2,4,4,0,1,0,0,0,1,0,0,0
2022,내야수,이재홍,키움,0.250,4,4,4,0,1,0,0,0,1,0,0,0
2022,내야수,최준우,SSG,0.250,10,16,12,0,3,0,0,0,3,1,0,1
2022,내야수,전의산,SSG,0.249,77,266,241,36,60,15,1,13,116,45,0,1
2022,내야수,송성문,키움,0.247,142,601,547,67,135,21,4,13,203,79,1,7
2022,내야수,장준원,KT,0.246,35,63,57,7,14,2,0,3,25,10,3,0
2022,내야수,정훈,롯데,0.245,91,340,294,39,72,8,0,3,89,32,6,6
2022,내야수,강백호,KT,0.245,62,264,237,24,58,12,0,6,88,29,1,2
2022,내야수,양석환,두산,0.244,107,446,405,58,99,14,1,20,175,51,0,2
2022,내야수,이호연,롯데,0.244,88,222,205,20,50,10,1,2,68,16,4,0
2022,내야수,박정현,한화,0.244,81,220,205,23,50,4,1,3,65,19,2,0
2022,내야수,이유찬,두산,0.241,13,31,29,3,7,0,0,1,10,2,1,1
2022,내야수,심우준,KT,0.240,132,449,388,69,93,8,2,4,117,34,11,4
2022,내야수,오영수,NC,0.238,83,259,231,25,55,10,0,6,83,31,0,3
2022,내야수,김도영,KIA,0.237,103,254,224,37,53,11,4,3,81,19,4,1
2022,내야수,송찬의,LG,0.236,33,78,72,8,17,4,0,3,30,10,0,1
2022,내야수,이재현,삼성,0.235,75,239,230,23,54,4,0,7,79,23,3,0
2022,내야수,오윤석,KT,0.234,112,337,286,23,67,13,0,6,98,37,5,6
2022,내야수,강승호,두산,0.264,134,487,444,54,117,28,1,10,177,62,6,5
2022,내야수,변우혁,한화,0.262,21,61,61,5,16,3,0,3,28,8,0,0
2022,내야수,황재균,KT,0.262,141,581,519,59,136,25,3,10,197,64,2,2
2022,내야수,김인환,한화,0.261,113,429,398,48,104,14,0,16,166,54,0,4
2022,내야수,하주석,한화,0.258,125,483,445,50,115,18,2,5,152,58,1,3
2022,내야수,김정율,롯데,0.257,57,156,140,9,36,6,0,0,42,11,3,0
2022,내야수,손호영,LG,0.257,36,82,74,13,19,0,2,3,32,14,1,1
2022,내야수,황대인,KIA,0.256,129,524,476,40,122,27,0,14,191,91,0,5
2022,내야수,김상수,삼성,0.251,72,260,235,30,59,11,0,2,76,29,4,2
2022,내야수,송승환,두산,0.250,11,28,28,3,7,1,0,1,11,4,0,0
2022,내야수,김동진,삼성,0.250,5,4,4,0,1,1,0,0,2,0,0,0
2022,내야수,이상호,LG,0.250,60,80,72,9,18,2,0,0,20,5,3,0
2022,내야수,이명기,키움,0.250,2,4,4,0,1,0,0,0,1,0,0,0
2022,내야수,이재홍,키움,0.250,4,4,4,0,1,0,0,0,1,0,0,0
2022,내야수,최준우,SSG,0.250,10,16,12,0,3,0,0,0,3,1,0,1
2022,내야수,전의산,SSG,0.249,77,266,241,36,60,15,1,13,116,45,0,1
2022,내야수,송성문,키움,0.247,142,601,547,67,135,21,4,13,203,79,1,7
2022,내야수,장준원,KT,0.246,35,63,57,7,14,2,0,3,25,10,3,0
2022,내야수,정훈,롯데,0.245,91,340,294,39,72,8,0,3,89,32,6,6
2022,내야수,강백호,KT,0.245,62,264,237,24,58,12,0,6,88,29,1,2
2022,내야수,양석환,두산,0.244,107,446,405,58,99,14,1,20,175,51,0,2
2022,내야수,이호연,롯데,0.244,88,222,205,20,50,10,1,2,68,16,4,0
2022,내야수,박정현,한화,0.244,81,220,205,23,50,4,1,3,65,19,2,0
2022,내야수,이유찬,두산,0.241,13,31,29,3,7,0,0,1,10,2,1,1
2022,내야수,심우준,KT,0.240,132,449,388,69,93,8,2,4,117,34,11,4
2022,내야수,오영수,NC,0.238,83,259,231,25,55,10,0,6,83,31,0,3
2022,내야수,김도영,KIA,0.237,103,254,224,37,53,11,4,3,81,19,4,1
2022,내야수,송찬의,LG,0.236,33,78,72,8,17,4,0,3,30,10,0,1
2022,내야수,이재현,삼성,0.235,75,239,230,23,54,4,0,7,79,23,3,0
2022,내야수,오윤석,KT,0.234,112,337,286,23,67,13,0,6,98,37,5,6
2022,내야수,이해승,삼성,0.232,46,106,99,11,23,3,0,0,26,5,6,0
2022,내야수,박승욱,롯데,0.227,100,228,198,29,45,7,2,1,59,16,12,0
2022,내야수,김웅빈,키움,0.226,45,135,115,17,26,5,1,1,36,11,3,0
2022,내야수,서건창,LG,0.224,77,247,219,39,49,10,1,2,67,18,3,1
2022,내야수,김주원,NC,0.223,96,326,273,35,61,9,3,10,106,47,9,0
2022,내야수,김휘집,키움,0.222,112,393,333,40,74,12,1,8,112,36,3,4
2022,내야수,김재현,SSG,0.222,18,20,18,2,4,1,0,0,5,4,2,0
2022,내야수,석정우,SSG,0.222,9,9,9,1,2,0,0,0,2,0,0,0
2022,내야수,크론,SSG,0.222,67,259,243,21,54,13,1,11,102,35,0,4
2022,내야수,박계범,두산,0.221,77,168,145,21,32,8,0,2,46,14,6,2
2022,내야수,김성현,SSG,0.219,130,359,302,38,66,9,1,2,83,37,20,3
2022,내야수,박준영,NC,0.216,75,240,208,27,45,8,1,4,67,19,3,1
2022,내야수,도태훈,NC,0.216,91,163,139,18,30,7,0,2,43,13,7,3
2022,내야수,김재호,두산,0.215,102,264,223,26,48,7,0,1,58,21,7,4
2022,내야수,유준규,KT,0.214,7,16,14,3,3,0,0,0,3,0,1,0
2022,내야수,안재석,두산,0.213,99,264,235,22,50,10,0,3,69,17,4,2
2022,내야수,최주환,SSG,0.211,97,333,298,36,63,14,2,9,108,41,0,2
2022,내야수,윤형준,NC,0.209,35,69,67,5,14,1,0,1,18,5,0,0
2022,내야수,김민성,LG,0.207,92,157,140,16,29,4,0,3,42,20,3,1
2022,내야수,이학주,롯데,0.207,91,260,232,29,48,11,1,3,70,15,9,1
2022,내야수,가르시아,LG,0.206,39,156,136,21,28,6,1,4,48,19,0,0
2022,내야수,서호철,NC,0.205,89,214,195,26,40,8,0,2,54,14,3,0
2022,내야수,전병우,키움,0.203,115,231,197,14,40,7,0,5,62,21,9,1
2022,내야수,김병희,KT,0.203,41,85,74,8,15,2,0,1,20,6,0,1
2022,내야수,김주형,키움,0.200,55,130,110,16,22,7,1,1,34,5,2,1
2022,내야수,이성곤,한화,0.192,41,117,99,6,19,5,0,0,24,5,0,1
2022,내야수,최영진,삼성,0.188,43,91,80,5,15,4,0,2,25,10,1,0
2022,내야수,이영빈,LG,0.184,60,83,76,16,14,3,0,1,20,5,0,0
2022,내야수,신본기,KT,0.182,74,138,121,9,22,3,0,1,28,8,4,1
2022,내야수,김규성,KIA,0.180,70,52,50,14,9,0,1,1,14,4,1,0
2022,내야수,김수환,키움,0.179,57,168,140,18,25,6,0,4,43,14,3,1
2022,내야수,이태훈,삼성,0.176,10,18,17,2,3,0,0,0,3,0,0,0
2022,내야수,오재원,두산,0.172,18,31,29,2,5,2,0,0,7,4,0,1
2022,내야수,서예일,두산,0.160,35,27,25,2,4,1,0,0,5,2,1,0
2022,내야수,이도윤,한화,0.159,80,126,113,9,18,7,0,1,28,8,4,1
2022,내야수,공민규,삼성,0.158,15,22,19,0,3,0,0,0,3,2,0,1
2022,내야수,안상현,SSG,0.158,46,47,38,12,6,0,0,2,12,5,3,0
2022,내야수,루이즈,LG,0.155,27,94,84,10,13,4,1,1,22,6,0,1
2022,내야수,윤동희,롯데,0.154,4,13,13,1,2,1,0,0,3,1,0,0
2022,내야수,안주형,삼성,0.150,18,23,20,2,3,0,0,0,3,2,1,1
2022,내야수,박석민,NC,0.149,16,58,47,3,7,2,0,0,9,2,1,0
2022,내야수,한태양,롯데,0.148,38,72,61,14,9,1,0,0,10,3,4,0
2022,내야수,김호재,삼성,0.143,21,29,28,1,4,1,0,0,5,1,0,0
2022,내야수,신준우,키움,0.140,76,54,43,6,6,3,0,0,9,0,2,0
2022,내야수,김영웅,삼성,0.133,13,15,15,2,2,0,0,1,5,1,0,0
2022,내야수,권동진,KT,0.132,48,40,38,9,5,1,1,0,8,4,1,0
2022,내야수,정민규,한화,0.130,9,24,23,3,3,0,0,0,3,0,0,0
2022,내야수,배성근,롯데,0.128,22,41,39,3,5,1,0,0,6,0,0,0
2022,내야수,박경수,KT,0.120,100,194,166,13,20,3,0,3,32,10,2,1
2022,내야수,김수윤,NC,0.118,10,18,17,1,2,1,0,1,6,2,0,0
2022,내야수,최항,SSG,0.100,15,24,20,0,2,0,0,0,2,1,0,1
2022,내야수,김한별,NC,0.095,24,23,21,0,2,0,0,0,2,0,2,0
2022,내야수,최정용,KIA,0.091,30,23,22,5,2,0,0,0,2,0,1,0
2022,내야수,신성현,두산,0.087,17,25,23,3,2,0,0,1,5,2,0,0
2022,내야수,이성규,삼성,0.074,13,34,27,5,2,0,0,0,2,1,0,0
2022,내야수,임석진,KIA,0.071,10,17,14,4,1,0,0,1,4,1,0,0
2022,내야수,고명성,KT,-,1,0,0,0,0,0,0,0,0,0,0,0
2022,내야수,양승혁,KT,0.000,11,5,5,0,0,0,0,0,0,0,0,0
2022,내야수,권민석,두산,0.000,16,3,3,3,0,0,0,0,0,0,0,0
2022,내야수,김호은,LG,0.000,2,2,2,0,0,0,0,0,0,0,0,0
2022,내야수,강민국,키움,0.000,3,4,3,0,0,0,0,0,0,1,0,0
2022,내야수,오태양,NC,0.000,15,4,3,5,0,0,0,0,0,0,0,0
2022,내야수,김세민,롯데,0.000,4,4,1,1,0,0,0,0,0,0,2,0
2022,내야수,박민,KIA,0.000,6,2,2,1,0,0,0,0,0,0,0,0
2022,외야수,김민혁,KT,0.284,132,434,373,47,106,10,2,0,120,35,19,3
2022,외야수,고종욱,KIA,0.283,62,114,106,13,30,7,1,2,45,14,1,0
2022,외야수,손아섭,NC,0.277,138,617,548,72,152,29,4,4,201,48,1,6
2022,외야수,푸이그,키움,0.277,126,547,473,65,131,30,0,21,224,73,0,4
2022,외야수,김현준,삼성,0.275,118,422,363,57,100,19,4,0,127,22,8,0
2022,외야수,전민수,NC,0.275,20,41,40,3,11,2,0,0,13,2,0,0
2022,외야수,임지열,키움,0.275,40,148,131,16,36,6,0,1,45,15,3,2
2022,외야수,이정범,SSG,0.273,7,11,11,2,3,0,0,0,3,1,0,0
2022,외야수,김호령,KIA,0.273,54,88,77,21,21,1,1,1,27,8,4,0
2022,외야수,배정대,KT,0.266,144,575,508,64,135,24,2,6,181,56,5,4
2022,외야수,최형우,KIA,0.264,132,530,454,55,120,27,1,14,191,71,0,2
2022,외야수,한유섬,SSG,0.264,135,545,458,62,121,33,1,21,219,100,0,5
2022,외야수,이형종,LG,0.264,26,63,53,3,14,3,0,0,17,7,1,3
2022,외야수,이명기,NC,0.260,94,341,300,36,78,13,2,0,95,23,6,2
2022,외야수,정수빈,두산,0.259,127,455,405,58,105,12,4,3,134,41,6,4
2022,외야수,추신수,SSG,0.259,112,499,409,77,106,20,1,16,176,58,2,4
2022,외야수,라모스,KT,0.250,18,80,72,10,18,1,1,3,30,11,1,1
2022,외야수,김재환,두산,0.248,128,517,448,64,111,24,1,23,206,72,0,4
2022,외야수,김인태,두산,0.247,83,279,235,25,58,6,0,5,79,25,0,0
2022,외야수,양찬열,두산,0.244,41,94,82,15,20,4,0,3,33,12,1,0
2022,외야수,김재혁,삼성,0.242,15,39,33,5,8,1,0,0,9,3,0,1
2022,외야수,김태연,한화,0.240,119,464,404,46,97,18,0,7,136,53,3,4
2022,외야수,김대한,두산,0.240,51,110,96,13,23,6,1,4,43,11,2,1
2022,외야수,장운호,한화,0.238,57,146,122,12,29,3,0,1,35,15,2,2
2022,외야수,홍현빈,KT,0.237,61,92,76,8,18,2,0,0,20,1,6,0
2022,외야수,조수행,두산,0.235,117,134,119,36,28,4,1,1,37,9,2,2
2022,외야수,신윤후,롯데,0.235,49,73,68,8,16,4,2,2,30,7,0,0
2022,외야수,장진혁,한화,0.233,41,132,116,11,27,2,0,2,35,17,1,3
2022,외야수,오태곤,SSG,0.232,130,295,263,48,61,14,1,4,89,23,5,3
2022,외야수,오준혁,SSG,0.230,47,67,61,3,14,2,0,0,16,6,1,0
2022,외야수,노수광,한화,0.229,117,361,315,33,72,18,6,4,114,30,10,3
2022,외야수,피터스,롯데,0.228,85,354,316,32,72,16,0,13,127,48,0,4
2022,외야수,권희동,NC,0.227,82,280,238,30,54,5,1,5,76,22,2,1
2022,외야수,권광민,한화,0.225,32,87,71,6,16,3,1,0,21,8,0,2
2022,외야수,문상철,KT,0.224,28,52,49,5,11,3,0,2,20,4,0,0
2022,외야수,박주홍,키움,0.224,21,57,49,4,11,1,1,0,14,3,0,0
2022,외야수,이재원,LG,0.224,85,253,223,31,50,8,2,13,101,43,0,0
2022,외야수,추재현,롯데,0.224,33,66,58,10,13,4,0,0,17,5,0,0
2022,외야수,한석현,LG,0.222,6,10,9,1,2,0,0,0,2,0,1,0
2022,외야수,김기환,NC,0.221,73,131,113,26,25,5,1,0,32,6,2,1
2022,외야수,김동엽,삼성,0.221,30,100,95,9,21,5,0,2,32,4,0,1
2022,외야수,박승규,삼성,0.216,62,83,74,10,16,2,0,0,18,4,5,1
2022,외야수,하재훈,SSG,0.215,60,114,107,18,23,6,1,6,49,13,0,2
2022,외야수,박찬혁,키움,0.211,52,175,161,13,34,5,0,6,57,17,0,0
2022,외야수,이천웅,LG,0.200,19,23,20,3,4,0,0,0,4,0,0,0
2022,외야수,최민창,LG,0.200,4,5,5,1,1,0,0,0,1,0,0,0
2022,외야수,이진영,한화,0.200,70,240,220,27,44,12,1,8,82,31,0,3
2022,외야수,이용규,키움,0.199,86,326,271,34,54,6,0,0,60,21,1,2
2022,외야수,김준완,키움,0.192,111,398,317,43,61,10,2,1,78,28,6,3
2022,외야수,김헌곤,삼성,0.192,80,239,224,18,43,8,0,1,54,20,2,3
2022,외야수,김성윤,삼성,0.190,48,49,42,14,8,3,0,1,14,2,1,0
2022,외야수,정진기,NC,0.189,39,59,53,4,10,2,0,1,15,4,0,0
2022,외야수,임종찬,한화,0.189,20,57,53,2,10,1,0,2,17,6,0,1
2022,외야수,조세진,롯데,0.186,39,88,86,6,16,3,0,0,19,6,1,0
2022,외야수,이병규,키움,0.184,24,40,38,7,7,1,1,0,10,5,0,0
2022,외야수,장두성,롯데,0.174,53,28,23,7,4,0,0,0,4,0,0,0
2022,외야수,이주형,키움,0.169,32,85,71,7,12,0,0,1,15,8,0,1
2022,외야수,홍성호,두산,0.167,12,19,18,3,3,0,0,0,3,0,0,0
2022,외야수,강진성,두산,0.163,40,94,80,7,13,2,0,1,18,8,1,0
2022,외야수,박준태,키움,0.157,52,84,70,9,11,4,0,1,18,10,1,0
2022,외야수,송민섭,KT,0.156,119,72,64,17,10,1,2,0,15,3,3,0
2022,외야수,김석환,KIA,0.149,51,107,94,15,14,2,0,3,25,7,0,0
2022,외야수,천재환,NC,0.143,29,36,35,4,5,1,0,1,9,1,0,0
2022,외야수,김민수,롯데,0.143,5,7,7,0,1,0,0,0,1,1,0,0
2022,외야수,송준석,삼성,0.138,17,32,29,3,4,0,0,0,4,1,1,0
2022,외야수,이시원,KT,0.133,31,16,15,6,2,0,0,0,2,1,0,0
2022,외야수,유로결,한화,0.133,30,68,60,5,8,0,0,0,8,4,3,0
2022,외야수,김성표,삼성,0.118,17,18,17,5,2,0,0,0,2,0,0,0
2022,외야수,이원석,한화,0.114,20,39,35,4,4,0,0,1,7,1,1,0
2022,외야수,예진원,키움,0.100,20,14,10,0,1,0,0,0,1,0,1,0
2022,외야수,원혁재,한화,0.095,11,23,21,2,2,1,0,0,3,0,0,0
2022,외야수,최상민,SSG,0.071,27,18,14,3,1,0,0,0,1,1,1,0
2022,외야수,김태훈,KT,0.000,7,10,10,0,0,0,0,0,0,0,0,0
2022,외야수,윤정빈,삼성,0.000,13,10,10,1,0,0,0,0,0,0,0,0
2022,외야수,박용택,LG,-,1,0,0,0,0,0,0,0,0,0,0,0
2022,외야수,신민재,LG,0.000,14,3,3,2,0,0,0,0,0,0,0,0
2022,외야수,안익훈,LG,0.000,14,4,3,0,0,0,0,0,0,0,0,0
2022,외야수,김규남,SSG,0.000,2,5,5,0,0,0,0,0,0,0,0,0
2022,외야수,강로한,롯데,-,1,0,0,0,0,0,0,0,0,0,0,0
2022,외야수,김재유,롯데,-,1,0,0,0,0,0,0,0,0,0,0,0
2022,외야수,나지완,KIA,0.000,2,1,1,0,0,0,0,0,0,0,0,0
2022,외야수,류승현,KIA,0.000,3,3,3,0,0,0,0,0,0,0,0,0
2022,외야수,강상원,한화,-,1,0,0,0,0,0,0,0,0,0,0,0
2023,포수,김도환,삼성,0.143,9,8,7,0,1,0,0,0,1,0,0,0
2023,포수,이병헌,삼성,0.143,23,33,28,3,4,0,0,0,4,2,1,1
2023,포수,허도환,LG,0.141,47,81,64,8,9,3,0,2,18,10,7,1
2023,포수,한승택,KIA,0.129,49,104,85,6,11,2,0,0,13,3,6,0
2023,포수,지시완,롯데,0.125,6,10,8,0,1,0,0,0,1,0,2,0
2023,포수,김기연,LG,0.118,28,40,34,3,4,0,0,0,4,2,1,0
2023,포수,서동욱,롯데,0.118,13,20,17,2,2,1,0,0,3,0,0,0
2023,포수,김재현,키움,0.111,8,10,9,0,1,0,0,0,1,0,1,0
2023,포수,김범석,LG,0.111,10,29,27,3,3,1,0,1,7,4,0,1
2023,포수,이재원,SSG,0.091,27,48,44,3,4,1,0,0,5,2,1,1
2023,포수,이흥련,SSG,0.071,16,17,14,1,1,0,0,1,4,2,1,0
2023,포수,주효상,KIA,0.063,19,36,32,2,2,0,0,0,2,1,2,0
2023,포수,전준호,LG,0.000,2,1,1,0,0,0,0,0,0,1,0,0
2023,포수,문상인,KT,-,1,1,0,0,0,0,0,0,0,0,0,0
2023,포수,김민수,삼성,0.000,2,1,1,0,0,0,0,0,0,0,0,0
2023,포수,허관회,한화,0.000,10,7,7,1,0,0,0,0,0,0,0,0
2023,내야수,김성현,SSG,0.268,112,354,310,35,83,14,0,1,100,27,13,2
2023,내야수,최준우,SSG,0.267,38,69,60,5,16,1,0,0,17,6,0,1
2023,내야수,문현빈,한화,0.266,137,481,428,47,114,22,2,5,155,49,9,5
2023,내야수,박성한,SSG,0.266,128,529,459,53,122,19,0,9,168,47,7,4
2023,내야수,강승호,두산,0.265,127,459,419,51,111,18,6,7,162,59,4,3
2023,내야수,강백호,KT,0.265,71,271,238,32,63,10,1,8,99,39,0,2
2023,내야수,최보성,NC,0.263,12,21,19,2,5,0,0,0,5,0,0,0
2023,내야수,송성문,키움,0.263,104,438,388,43,102,16,3,5,139,60,4,7
2023,내야수,김동진,삼성,0.262,44,137,122,14,32,7,0,0,39,8,3,2
2023,내야수,김태연,한화,0.261,91,280,245,25,64,13,0,4,89,25,1,4
2023,내야수,최정원,NC,0.260,39,56,50,12,13,3,2,0,20,5,2,0
2023,내야수,임지열,키움,0.259,72,246,212,22,55,8,0,5,78,35,2,1
2023,내야수,노진혁,롯데,0.257,113,390,334,43,86,26,1,4,126,51,4,4
2023,내야수,이도윤,한화,0.252,106,346,309,36,78,13,2,1,98,13,15,0
2023,내야수,윤형준,NC,0.252,82,236,218,17,55,12,1,5,84,27,2,3
2023,내야수,오윤석,KT,0.251,82,223,199,24,50,13,1,4,77,17,6,0
2023,내야수,박민석,KT,0.250,4,4,4,1,1,0,0,0,1,0,0,0
2023,내야수,이해승,삼성,0.250,9,4,4,0,1,1,0,0,2,0,0,0
2023,내야수,김휘집,키움,0.249,110,435,369,46,92,22,0,8,138,51,6,7
2023,내야수,김민성,LG,0.249,112,316,273,34,68,11,0,8,103,41,9,2
2023,내야수,이재현,삼성,0.249,143,538,458,61,114,19,2,12,173,60,16,6
2023,내야수,이원석,키움,0.246,89,345,305,22,75,10,0,2,91,30,1,2
2023,내야수,이유찬,두산,0.243,104,239,210,31,51,7,2,1,65,16,5,1
2023,내야수,안상현,SSG,0.241,58,66,58,10,14,3,0,0,17,2,3,0
2023,내야수,안주형,삼성,0.241,53,91,79,12,19,2,0,1,24,10,1,1
2023,내야수,오영수,NC,0.236,70,238,208,21,49,9,1,4,72,24,5,3
2023,내야수,전민재,두산,0.235,19,18,17,3,4,2,0,0,6,1,1,0
2023,내야수,최주환,SSG,0.235,134,478,426,48,100,24,0,20,184,63,1,3
2023,내야수,도태훈,NC,0.234,117,302,239,41,56,6,0,5,77,23,7,1
2023,내야수,김규성,KIA,0.234,99,177,158,29,37,6,1,2,51,11,5,0
2023,내야수,김성현,SSG,0.268,112,354,310,35,83,14,0,1,100,27,13,2
2023,내야수,최준우,SSG,0.267,38,69,60,5,16,1,0,0,17,6,0,1
2023,내야수,문현빈,한화,0.266,137,481,428,47,114,22,2,5,155,49,9,5
2023,내야수,박성한,SSG,0.266,128,529,459,53,122,19,0,9,168,47,7,4
2023,내야수,강승호,두산,0.265,127,459,419,51,111,18,6,7,162,59,4,3
2023,내야수,강백호,KT,0.265,71,271,238,32,63,10,1,8,99,39,0,2
2023,내야수,최보성,NC,0.263,12,21,19,2,5,0,0,0,5,0,0,0
2023,내야수,송성문,키움,0.263,104,438,388,43,102,16,3,5,139,60,4,7
2023,내야수,김동진,삼성,0.262,44,137,122,14,32,7,0,0,39,8,3,2
2023,내야수,김태연,한화,0.261,91,280,245,25,64,13,0,4,89,25,1,4
2023,내야수,최정원,NC,0.260,39,56,50,12,13,3,2,0,20,5,2,0
2023,내야수,임지열,키움,0.259,72,246,212,22,55,8,0,5,78,35,2,1
2023,내야수,노진혁,롯데,0.257,113,390,334,43,86,26,1,4,126,51,4,4
2023,내야수,이도윤,한화,0.252,106,346,309,36,78,13,2,1,98,13,15,0
2023,내야수,윤형준,NC,0.252,82,236,218,17,55,12,1,5,84,27,2,3
2023,내야수,오윤석,KT,0.251,82,223,199,24,50,13,1,4,77,17,6,0
2023,내야수,박민석,KT,0.250,4,4,4,1,1,0,0,0,1,0,0,0
2023,내야수,이해승,삼성,0.250,9,4,4,0,1,1,0,0,2,0,0,0
2023,내야수,김휘집,키움,0.249,110,435,369,46,92,22,0,8,138,51,6,7
2023,내야수,김민성,LG,0.249,112,316,273,34,68,11,0,8,103,41,9,2
2023,내야수,이재현,삼성,0.249,143,538,458,61,114,19,2,12,173,60,16,6
2023,내야수,이원석,키움,0.246,89,345,305,22,75,10,0,2,91,30,1,2
2023,내야수,이유찬,두산,0.243,104,239,210,31,51,7,2,1,65,16,5,1
2023,내야수,안상현,SSG,0.241,58,66,58,10,14,3,0,0,17,2,3,0
2023,내야수,안주형,삼성,0.241,53,91,79,12,19,2,0,1,24,10,1,1
2023,내야수,오영수,NC,0.236,70,238,208,21,49,9,1,4,72,24,5,3
2023,내야수,전민재,두산,0.235,19,18,17,3,4,2,0,0,6,1,1,0
2023,내야수,최주환,SSG,0.235,134,478,426,48,100,24,0,20,184,63,1,3
2023,내야수,도태훈,NC,0.234,117,302,239,41,56,6,0,5,77,23,7,1
2023,내야수,김규성,KIA,0.234,99,177,158,29,37,6,1,2,51,11,5,0
2023,내야수,김주원,NC,0.233,127,474,403,56,94,9,2,10,137,54,8,4
2023,내야수,이태훈,삼성,0.231,12,14,13,1,3,1,0,0,4,0,0,0
2023,내야수,오선진,한화,0.230,90,199,165,17,38,6,0,0,44,14,3,2
2023,내야수,김찬형,SSG,0.229,36,53,48,6,11,3,0,1,17,5,2,0
2023,내야수,박준영,두산,0.228,51,138,127,16,29,8,2,4,53,17,0,0
2023,내야수,변우혁,KIA,0.225,83,226,200,23,45,4,0,7,70,24,0,0
2023,내야수,김인환,한화,0.225,112,365,325,34,73,16,0,7,110,42,0,3
2023,내야수,한동희,롯데,0.223,108,353,319,30,71,11,0,5,97,32,2,5
2023,내야수,서예일,두산,0.222,5,10,9,2,2,0,0,0,2,1,0,1
2023,내야수,정은원,한화,0.222,122,459,388,50,86,12,0,2,104,30,5,1
2023,내야수,박계범,두산,0.219,78,194,169,18,37,6,0,2,49,15,5,3
2023,내야수,강한울,삼성,0.217,72,240,212,30,46,7,2,0,57,10,6,2
2023,내야수,김수환,키움,0.216,50,114,97,8,21,4,0,2,31,15,1,1
2023,내야수,김한별,NC,0.216,79,105,97,8,21,0,1,0,23,4,2,0
2023,내야수,김호재,삼성,0.216,75,127,116,6,25,7,0,0,32,9,5,0
2023,내야수,이재원,LG,0.214,57,129,112,15,24,5,0,4,41,18,0,3
2023,내야수,김수윤,NC,0.214,16,15,14,0,3,0,0,0,3,2,0,0
2023,내야수,강준서,삼성,0.214,10,15,14,2,3,1,0,0,4,0,0,0
2023,내야수,황대인,KIA,0.213,60,199,174,19,37,4,0,5,56,26,0,3
2023,내야수,박지훈,두산,0.211,22,21,19,2,4,1,0,0,5,2,0,0
2023,내야수,김정율,롯데,0.209,25,51,43,4,9,1,1,0,12,2,1,0
2023,내야수,이학주,롯데,0.209,104,122,110,22,23,2,0,3,34,13,0,0
2023,내야수,이성규,삼성,0.207,109,162,145,23,30,10,1,1,45,18,4,2
2023,내야수,조민성,삼성,0.207,15,29,29,1,6,2,0,0,8,5,0,0
2023,내야수,손호영,LG,0.205,27,45,44,8,9,0,0,1,12,6,0,0
2023,내야수,신본기,KT,0.204,40,75,54,8,11,2,0,1,16,7,1,4
2023,내야수,오재일,삼성,0.203,106,364,315,31,64,15,0,11,112,54,0,3
2023,내야수,전의산,SSG,0.201,56,153,134,11,27,6,0,4,45,21,0,1
2023,내야수,김주성,LG,0.200,11,7,5,1,1,0,0,0,1,0,0,0
2023,내야수,서건창,LG,0.200,44,126,110,14,22,5,2,0,31,12,3,3
2023,내야수,문상준,KT,0.200,2,5,5,1,1,0,0,0,1,0,0,0
2023,내야수,박경수,KT,0.200,107,221,185,12,37,13,0,1,53,12,5,0
2023,내야수,조현진,NC,0.200,10,5,5,0,1,0,0,0,1,0,0,0
2023,내야수,공민규,삼성,0.194,22,33,31,0,6,1,1,0,9,2,0,0
2023,내야수,박석민,NC,0.193,30,107,88,9,17,1,0,1,21,8,1,1
2023,내야수,김웅빈,키움,0.188,29,74,64,2,12,3,0,0,15,9,0,2
2023,내야수,안재석,두산,0.188,27,68,64,8,12,2,1,1,19,5,0,1
2023,내야수,김영웅,삼성,0.187,55,103,91,11,17,6,0,2,29,12,3,1
2023,내야수,강민성,KT,0.182,12,27,22,2,4,1,0,0,5,0,1,0
2023,내야수,박정현,한화,0.181,53,113,105,12,19,6,0,2,31,4,3,0
2023,내야수,오선우,KIA,0.179,33,31,28,2,5,0,0,2,11,5,0,0
2023,내야수,장준원,KT,0.172,69,104,87,10,15,2,1,1,22,10,3,1
2023,내야수,최정용,KIA,0.167,56,41,36,17,6,1,0,0,7,1,3,0
2023,내야수,김건,한화,0.167,7,12,12,1,2,0,0,0,2,0,0,0
2023,내야수,최경모,SSG,0.150,28,20,20,6,3,0,0,0,3,1,0,0
2023,내야수,김재상,삼성,0.150,17,22,20,1,3,0,0,1,6,2,0,0
2023,내야수,정대선,롯데,0.150,19,47,40,5,6,1,0,0,7,6,1,2
2023,내야수,이상호,KT,0.148,63,60,54,15,8,1,0,0,9,5,4,0
2023,내야수,김주형,키움,0.147,46,81,68,5,10,2,0,0,12,4,3,0
2023,내야수,전병우,키움,0.145,41,75,62,6,9,3,0,1,15,6,2,0
2023,내야수,김병휘,키움,0.143,10,21,21,0,3,1,0,0,4,1,0,0
2023,내야수,박주찬,NC,0.143,5,14,14,1,2,0,0,0,2,0,0,0
2023,내야수,이성곤,한화,0.143,8,16,14,2,2,0,0,0,2,0,1,0
2023,내야수,김민혁,두산,0.138,21,36,29,2,4,1,0,0,5,3,0,2
2023,내야수,류현인,KT,0.130,17,24,23,6,3,0,0,0,3,3,0,0
2023,내야수,하주석,한화,0.114,25,38,35,4,4,1,0,0,5,2,0,0
2023,내야수,신준우,키움,0.111,24,19,18,4,2,0,0,0,2,0,0,0
2023,내야수,손민석,KT,0.100,9,12,10,2,1,0,0,0,1,1,0,0
2023,내야수,신성현,두산,0.083,12,15,12,1,1,0,0,0,1,1,0,0
2023,내야수,송찬의,LG,0.056,19,22,18,2,1,1,0,0,2,1,0,0
2023,내야수,고명준,SSG,0.000,2,4,4,0,0,0,0,0,0,0,0,0
2023,내야수,김건웅,SSG,0.000,1,3,3,0,0,0,0,0,0,0,0,0
2023,내야수,이승원,키움,0.000,4,5,5,0,0,0,0,0,0,0,0,0
2023,내야수,송대현,LG,0.000,4,3,3,0,0,0,0,0,0,0,0,0
2023,내야수,김병희,KT,0.000,5,9,8,0,0,0,0,0,0,0,0,0
2023,내야수,윤도현,KIA,0.000,1,1,1,0,0,0,0,0,0,0,0,0
2023,내야수,홍종표,KIA,0.000,40,12,7,10,0,0,0,0,0,0,1,0
2023,내야수,오태양,NC,0.000,21,3,3,4,0,0,0,0,0,0,0,0
2023,내야수,권민석,두산,0.000,1,2,2,0,0,0,0,0,0,0,0,0
2023,내야수,이민준,한화,0.000,4,2,1,0,0,0,0,0,0,0,0,0
2023,내야수,이상혁,한화,0.000,7,2,2,0,0,0,0,0,0,0,0,0
2023,외야수,윤동희,롯데,0.287,107,423,387,45,111,18,1,2,137,41,2,5
2023,외야수,피렐라,삼성,0.285,139,605,557,66,159,28,1,16,237,80,0,2
2023,외야수,소크라테스,KIA,0.285,142,608,547,91,156,31,3,20,253,96,0,8
2023,외야수,권희동,NC,0.285,96,373,309,33,88,16,0,7,125,63,4,5
2023,외야수,박해민,LG,0.285,144,558,485,80,138,14,2,6,174,59,24,1
2023,외야수,마틴,NC,0.283,118,503,435,55,123,20,2,17,198,90,0,10
2023,외야수,신민재,LG,0.277,122,331,282,47,78,5,2,0,87,28,17,2
2023,외야수,배정대,KT,0.277,97,361,311,48,86,16,0,2,108,38,4,5
2023,외야수,김현준,삼성,0.275,109,479,433,62,119,10,6,3,150,46,8,3
2023,외야수,한유섬,SSG,0.273,109,388,333,29,91,15,2,7,131,55,2,7
2023,외야수,이창진,KIA,0.270,104,284,244,35,66,11,3,4,95,29,2,2
2023,외야수,안권수,롯데,0.269,95,309,268,42,72,6,1,2,86,29,7,3
2023,외야수,최지훈,SSG,0.268,117,503,462,65,124,19,8,2,165,30,8,1
2023,외야수,채은성,한화,0.263,137,596,521,71,137,17,0,23,223,84,0,3
2023,외야수,강진성,SSG,0.261,58,145,134,10,35,6,1,3,52,17,1,1
2023,외야수,문상철,KT,0.260,112,330,304,30,79,20,0,9,126,46,1,6
2023,외야수,임병욱,키움,0.260,80,223,208,30,54,11,1,6,85,36,1,3
2023,외야수,최원준,KIA,0.255,67,274,239,37,61,11,2,1,79,23,4,0
2023,외야수,김인태,두산,0.255,47,115,98,8,25,5,0,1,33,14,1,0
2023,외야수,김민석,롯데,0.255,129,454,400,53,102,24,0,3,135,39,12,5
2023,외야수,김동엽,삼성,0.255,69,182,165,20,42,7,0,5,64,18,0,2
2023,외야수,추신수,SSG,0.254,112,462,382,65,97,17,1,12,152,41,0,2
2023,외야수,로하스,두산,0.253,122,464,403,52,102,24,4,19,191,65,0,3
2023,외야수,송준석,삼성,0.250,7,8,8,0,2,0,0,0,2,1,0,0
2023,외야수,국해성,롯데,0.250,6,10,8,0,2,0,0,0,2,1,0,0
2023,외야수,윤수녕,롯데,0.250,3,4,4,0,1,0,0,0,1,1,0,0
2023,외야수,이진영,한화,0.249,121,422,358,57,89,22,0,10,141,50,4,5
2023,외야수,조용호,KT,0.248,63,184,161,20,40,2,0,0,42,7,0,0
2023,외야수,렉스,롯데,0.246,55,234,203,20,50,4,2,4,70,30,0,2
2023,외야수,윌리엄스,한화,0.244,68,273,258,29,63,14,0,9,104,45,0,3
2023,외야수,천재환,NC,0.239,78,179,163,12,39,7,1,2,54,17,2,2
2023,외야수,오태곤,SSG,0.239,123,305,272,37,65,14,1,7,102,28,8,3
2023,외야수,양찬열,두산,0.239,44,99,88,15,21,2,2,0,27,6,0,1
2023,외야수,최상민,SSG,0.235,51,41,34,5,8,0,0,0,8,3,2,1
2023,외야수,예진원,키움,0.235,16,36,34,2,8,1,0,1,12,4,2,0
2023,외야수,이병규,키움,0.235,7,17,17,3,4,0,0,0,4,2,0,0
2023,외야수,이용규,키움,0.234,50,178,154,19,36,0,3,0,42,11,2,2
2023,외야수,홍현빈,KT,0.233,44,86,73,15,17,2,0,0,19,1,0,0
2023,외야수,송승환,두산,0.229,30,76,70,10,16,3,1,0,21,4,2,0
2023,외야수,김강민,SSG,0.226,70,166,137,20,31,3,0,2,40,7,2,3
2023,외야수,고승민,롯데,0.224,94,308,255,35,57,14,2,2,81,24,6,4
2023,외야수,김성욱,NC,0.223,93,204,179,28,40,10,0,6,68,16,3,1
2023,외야수,김준완,키움,0.222,76,225,189,25,42,7,0,0,49,14,6,3
2023,외야수,장운호,한화,0.222,4,11,9,1,2,0,0,0,2,1,0,0
2023,외야수,장진혁,한화,0.222,68,178,162,24,36,5,1,0,43,12,0,1
2023,외야수,노수광,한화,0.221,30,94,77,6,17,5,0,0,22,4,2,2
2023,외야수,김재환,두산,0.220,132,484,405,40,89,15,0,10,134,46,0,2
2023,외야수,조수행,두산,0.219,126,249,219,41,48,2,1,1,55,17,4,1
2023,외야수,주성원,키움,0.217,25,72,69,7,15,2,1,0,19,2,1,1
2023,외야수,이형종,키움,0.215,99,374,316,35,68,22,1,3,101,37,3,2
2023,외야수,황성빈,롯데,0.212,74,191,170,22,36,5,2,0,45,8,8,0
2023,외야수,류승민,삼성,0.212,24,57,52,5,11,3,0,0,14,5,2,0
2023,외야수,김태근,두산,0.212,41,55,52,9,11,3,0,0,14,3,2,0
2023,외야수,박찬혁,키움,0.201,48,167,154,13,31,7,0,1,41,8,0,0
2023,외야수,한석현,NC,0.200,27,66,60,5,12,1,0,0,13,2,2,0
2023,외야수,김대한,두산,0.198,33,89,81,10,16,3,1,1,24,7,0,0
2023,외야수,이원석,한화,0.190,81,138,116,20,22,1,1,0,25,8,0,0
2023,외야수,김호령,KIA,0.179,76,107,95,16,17,7,0,0,24,6,3,0
2023,외야수,이명기,한화,0.175,14,42,40,2,7,1,0,0,8,5,0,0
2023,외야수,이정범,SSG,0.172,15,33,29,2,5,0,0,0,5,4,0,2
2023,외야수,장두성,롯데,0.154,25,15,13,7,2,0,0,0,2,1,1,0
2023,외야수,권광민,한화,0.151,66,81,73,11,11,1,1,2,20,9,1,0
2023,외야수,윤정빈,삼성,0.147,28,43,34,5,5,0,0,1,8,3,0,0
2023,외야수,유로결,한화,0.146,27,53,48,5,7,1,0,0,8,5,1,2
2023,외야수,박준태,키움,0.143,14,15,14,0,2,0,0,0,2,1,0,0
2023,외야수,오장한,NC,0.143,3,8,7,2,1,0,0,0,1,0,0,0
2023,외야수,이시원,KT,0.138,29,32,29,4,4,0,0,0,4,1,1,0
2023,외야수,송민섭,KT,0.130,69,25,23,6,3,0,0,0,3,0,0,0
2023,외야수,김석환,KIA,0.130,12,26,23,1,3,1,0,0,4,3,1,0
2023,외야수,오그레디,한화,0.125,22,86,80,3,10,3,0,0,13,8,0,1
2023,외야수,박주홍,키움,0.122,27,57,49,5,6,0,1,0,8,2,1,2
2023,외야수,김태훈,삼성,0.095,11,22,21,0,2,1,0,0,3,1,1,0
2023,외야수,김상민,삼성,0.083,8,13,12,3,1,0,0,0,1,0,0,0
2023,외야수,최승민,LG,0.071,38,15,14,10,1,0,0,0,1,1,0,0
2023,외야수,박영빈,NC,0.071,41,17,14,11,1,1,0,0,2,0,2,0
2023,외야수,신윤후,롯데,0.040,28,27,25,2,1,0,0,0,1,1,0,0
2023,외야수,류효승,SSG,0.000,3,4,3,0,0,0,0,0,0,0,0,0
2023,외야수,채현우,SSG,-,1,0,0,1,0,0,0,0,0,0,0,0
2023,외야수,김병준,KT,0.000,3,2,2,0,0,0,0,0,0,0,0,0
2023,외야수,김헌곤,삼성,0.000,6,4,4,0,0,0,0,0,0,0,0,0
2023,외야수,김동혁,롯데,0.000,15,9,7,3,0,0,0,0,0,0,0,0
2023,외야수,박형준,롯데,0.000,1,1,1,0,0,0,0,0,0,0,0,0
2023,외야수,유상빈,한화,0.000,3,8,6,1,0,0,0,0,0,0,0,0
2023,외야수,장지승,한화,0.000,3,3,3,0,0,0,0,0,0,0,0,0
2024,포수,안승한,두산,0.200,4,5,5,0,1,0,0,0,1,0,0,0
2024,포수,장승현,두산,0.200,9,23,20,1,4,2,0,0,6,0,1,0
2024,포수,김재성,삼성,0.200,10,23,20,3,4,1,0,0,5,1,0,0
2024,포수,김동헌,키움,0.200,2,7,5,0,1,0,0,0,1,1,0,0
2024,포수,손성빈,롯데,0.197,86,171,152,24,30,6,2,6,58,21,1,2
2024,포수,김형준,NC,0.195,119,414,354,39,69,12,0,17,132,50,7,6
2024,포수,유강남,롯데,0.191,52,155,136,11,26,3,0,5,44,20,2,1
2024,포수,김시앙,키움,0.143,6,7,7,1,1,0,0,0,1,0,0,0
2024,포수,허도환,LG,0.138,59,105,80,10,11,2,0,0,13,11,5,1
2024,포수,서동욱,롯데,0.115,33,27,26,2,3,1,0,0,4,0,0,0
2024,포수,김성우,LG,0.000,4,5,5,0,0,0,0,0,0,0,0,0
2024,포수,전준호,LG,0.000,3,1,1,0,0,0,0,0,0,0,0,0
2024,포수,현원회,SSG,0.000,1,1,1,0,0,0,0,0,0,0,0,0
2024,포수,신용석,NC,0.000,2,2,2,0,0,0,0,0,0,0,0,0
2024,포수,박민준,두산,0.000,5,5,5,0,0,0,0,0,0,0,0,0
2024,포수,강승구,롯데,0.000,5,2,2,0,0,0,0,0,0,0,0,0
2024,포수,강태율,롯데,0.000,10,10,10,0,0,0,0,0,0,0,0,0
2024,포수,백두산,롯데,0.000,1,1,1,0,0,0,0,0,0,0,0,0
2024,포수,김도환,삼성,0.000,1,3,3,0,0,0,0,0,0,0,0,0
2024,포수,장규현,한화,0.000,9,7,6,0,0,0,0,0,0,0,0,0
2024,포수,박준형,키움,0.000,4,5,5,0,0,0,0,0,0,0,0,0
2024,내야수,홍종표,KIA,0.295,100,115,105,27,31,4,3,0,41,11,3,0
2024,내야수,천성호,KT,0.295,75,255,234,41,69,8,3,1,86,17,1,1
2024,내야수,맥키넌,삼성,0.294,72,315,272,28,80,13,0,4,105,36,0,3
2024,내야수,오윤석,KT,0.293,73,201,174,33,51,12,2,6,85,27,3,2
2024,내야수,하주석,한화,0.292,64,151,137,16,40,9,1,1,54,11,2,0
2024,내야수,최정,SSG,0.291,129,550,468,93,136,27,2,37,278,107,0,7
2024,내야수,김태연,한화,0.291,126,472,413,59,120,24,0,12,180,61,6,4
2024,내야수,강백호,KT,0.289,144,614,550,92,159,27,0,26,264,96,0,2
2024,내야수,오선우,KIA,0.286,3,7,7,0,2,0,0,0,2,1,0,0
2024,내야수,황대인,KIA,0.286,3,7,7,1,2,1,0,0,3,3,0,0
2024,내야수,서호철,NC,0.285,141,567,512,68,146,19,3,10,201,61,6,3
2024,내야수,최정원,NC,0.282,65,155,131,33,37,5,0,1,45,14,1,2
2024,내야수,디아즈,삼성,0.282,29,118,110,14,31,5,0,7,57,19,0,0
2024,내야수,강승호,두산,0.280,140,566,521,81,146,34,7,18,248,81,2,4
2024,내야수,신본기,KT,0.279,84,152,122,18,34,3,0,3,46,19,9,2
2024,내야수,이유찬,두산,0.277,103,262,231,39,64,11,0,3,84,23,7,1
2024,내야수,문현빈,한화,0.277,103,289,260,29,72,16,2,5,107,47,1,2
2024,내야수,이도윤,한화,0.277,134,374,336,49,93,10,3,1,112,46,6,3
2024,내야수,김상수,KT,0.276,113,420,369,60,102,18,4,4,140,45,7,1
2024,내야수,박지환,SSG,0.276,76,249,228,33,63,9,2,4,88,21,3,3
2024,내야수,박민,KIA,0.276,16,30,29,5,8,4,0,0,12,2,0,0
2024,내야수,노시환,한화,0.272,136,601,526,88,143,20,2,24,239,89,0,4
2024,내야수,김성진,LG,0.267,14,16,15,1,4,0,0,1,7,2,0,0
2024,내야수,정훈,롯데,0.267,109,325,285,31,76,20,0,9,123,47,1,4
2024,내야수,심우준,KT,0.266,53,192,169,22,45,4,0,3,58,28,5,0
2024,내야수,이학주,롯데,0.263,43,105,95,13,25,2,2,2,37,4,2,0
2024,내야수,박승욱,롯데,0.262,139,468,405,57,106,19,1,7,148,53,3,3
2024,내야수,이재현,삼성,0.260,109,458,389,71,101,18,1,14,163,66,0,3
2024,내야수,황재균,KT,0.260,137,536,493,60,128,22,0,13,189,58,5,2
2024,내야수,류지혁,삼성,0.258,100,348,302,43,78,9,1,3,98,36,5,2
2024,내야수,홍종표,KIA,0.295,100,115,105,27,31,4,3,0,41,11,3,0
2024,내야수,천성호,KT,0.295,75,255,234,41,69,8,3,1,86,17,1,1
2024,내야수,맥키넌,삼성,0.294,72,315,272,28,80,13,0,4,105,36,0,3
2024,내야수,오윤석,KT,0.293,73,201,174,33,51,12,2,6,85,27,3,2
2024,내야수,하주석,한화,0.292,64,151,137,16,40,9,1,1,54,11,2,0
2024,내야수,최정,SSG,0.291,129,550,468,93,136,27,2,37,278,107,0,7
2024,내야수,김태연,한화,0.291,126,472,413,59,120,24,0,12,180,61,6,4
2024,내야수,강백호,KT,0.289,144,614,550,92,159,27,0,26,264,96,0,2
2024,내야수,오선우,KIA,0.286,3,7,7,0,2,0,0,0,2,1,0,0
2024,내야수,황대인,KIA,0.286,3,7,7,1,2,1,0,0,3,3,0,0
2024,내야수,서호철,NC,0.285,141,567,512,68,146,19,3,10,201,61,6,3
2024,내야수,최정원,NC,0.282,65,155,131,33,37,5,0,1,45,14,1,2
2024,내야수,디아즈,삼성,0.282,29,118,110,14,31,5,0,7,57,19,0,0
2024,내야수,강승호,두산,0.280,140,566,521,81,146,34,7,18,248,81,2,4
2024,내야수,신본기,KT,0.279,84,152,122,18,34,3,0,3,46,19,9,2
2024,내야수,이유찬,두산,0.277,103,262,231,39,64,11,0,3,84,23,7,1
2024,내야수,문현빈,한화,0.277,103,289,260,29,72,16,2,5,107,47,1,2
2024,내야수,이도윤,한화,0.277,134,374,336,49,93,10,3,1,112,46,6,3
2024,내야수,김상수,KT,0.276,113,420,369,60,102,18,4,4,140,45,7,1
2024,내야수,박지환,SSG,0.276,76,249,228,33,63,9,2,4,88,21,3,3
2024,내야수,박민,KIA,0.276,16,30,29,5,8,4,0,0,12,2,0,0
2024,내야수,노시환,한화,0.272,136,601,526,88,143,20,2,24,239,89,0,4
2024,내야수,김성진,LG,0.267,14,16,15,1,4,0,0,1,7,2,0,0
2024,내야수,정훈,롯데,0.267,109,325,285,31,76,20,0,9,123,47,1,4
2024,내야수,심우준,KT,0.266,53,192,169,22,45,4,0,3,58,28,5,0
2024,내야수,이학주,롯데,0.263,43,105,95,13,25,2,2,2,37,4,2,0
2024,내야수,박승욱,롯데,0.262,139,468,405,57,106,19,1,7,148,53,3,3
2024,내야수,이재현,삼성,0.260,109,458,389,71,101,18,1,14,163,66,0,3
2024,내야수,황재균,KT,0.260,137,536,493,60,128,22,0,13,189,58,5,2
2024,내야수,류지혁,삼성,0.258,100,348,302,43,78,9,1,3,98,36,5,2
2024,내야수,김휘집,NC,0.258,140,562,488,78,126,24,1,16,200,73,4,8
2024,내야수,최주환,키움,0.257,130,544,482,49,124,23,1,13,188,84,0,9
2024,내야수,한동희,롯데,0.257,14,36,35,1,9,2,0,0,11,3,0,0
2024,내야수,김건희,키움,0.257,83,283,261,27,67,15,0,9,109,38,0,4
2024,내야수,구본혁,LG,0.257,133,389,339,48,87,14,2,2,111,43,4,4
2024,내야수,고영우,키움,0.256,94,290,254,21,65,12,2,0,81,35,4,3
2024,내야수,오지환,LG,0.254,108,428,370,67,94,24,2,10,152,59,2,1
2024,내야수,김영웅,삼성,0.252,126,509,456,65,115,16,3,28,221,79,1,4
2024,내야수,김주원,NC,0.252,134,475,385,61,97,18,2,9,146,49,9,5
2024,내야수,고명준,SSG,0.250,106,366,340,33,85,13,0,11,131,45,0,0
2024,내야수,김규성,KIA,0.250,27,15,12,5,3,1,0,0,4,2,1,0
2024,내야수,최항,롯데,0.250,72,143,132,17,33,3,1,0,38,12,0,0
2024,내야수,원성준,키움,0.250,51,125,112,12,28,5,0,2,39,11,1,2
2024,내야수,전민재,두산,0.246,100,276,248,34,61,5,1,2,74,32,4,3
2024,내야수,양석환,두산,0.246,142,593,533,83,131,25,1,34,260,107,1,3
2024,내야수,오재일,KT,0.243,105,343,296,33,72,18,1,11,125,45,0,9
2024,내야수,최준우,SSG,0.240,18,34,25,2,6,2,0,0,8,5,0,0
2024,내야수,김재상,삼성,0.238,35,91,84,13,20,4,0,2,30,12,1,1
2024,내야수,김인환,한화,0.237,51,143,131,11,31,2,0,1,36,7,0,0
2024,내야수,박병호,삼성,0.231,120,406,350,52,81,7,0,23,157,70,0,2
2024,내야수,김성현,SSG,0.227,71,167,141,21,32,3,1,1,40,15,5,1
2024,내야수,박준영,두산,0.226,65,212,186,25,42,9,2,7,76,28,1,1
2024,내야수,전병우,삼성,0.225,58,128,111,17,25,5,0,5,45,14,0,2
2024,내야수,이영빈,LG,0.222,31,71,63,11,14,2,0,2,22,12,2,2
2024,내야수,권동진,KT,0.222,9,10,9,3,2,0,0,0,2,0,0,0
2024,내야수,김수윤,NC,0.222,9,10,9,0,2,0,0,0,2,0,0,0
2024,내야수,한재환,NC,0.222,7,9,9,1,2,1,0,0,3,1,0,0
2024,내야수,서예일,두산,0.222,24,20,18,2,4,0,0,0,4,1,0,0
2024,내야수,김태진,키움,0.222,81,202,189,26,42,6,3,0,54,10,5,1
2024,내야수,이원석,키움,0.220,39,109,91,5,20,4,0,0,24,8,0,2
2024,내야수,노진혁,롯데,0.219,73,157,137,13,30,6,0,2,42,13,2,2
2024,내야수,안주형,삼성,0.218,82,166,142,24,31,2,0,0,33,8,12,0
2024,내야수,박민석,KT,0.214,20,14,14,6,3,0,0,0,3,0,0,0
2024,내야수,도태훈,NC,0.214,100,181,145,20,31,4,0,0,35,15,4,2
2024,내야수,오영수,NC,0.200,20,34,30,4,6,0,0,3,15,5,0,1
2024,내야수,김민혁,두산,0.200,5,8,5,1,1,0,0,1,4,2,0,0
2024,내야수,박계범,두산,0.200,24,20,15,5,3,1,0,0,4,0,0,0
2024,내야수,김민성,롯데,0.200,35,84,70,6,14,5,0,2,25,8,0,1
2024,내야수,오선진,롯데,0.200,26,29,20,0,4,1,0,0,5,0,5,0
2024,내야수,이창용,삼성,0.190,9,21,21,1,4,1,0,0,5,2,0,0
2024,내야수,이재상,키움,0.190,36,89,84,7,16,1,0,1,20,5,1,0
2024,내야수,최정용,KIA,0.182,6,12,11,0,2,0,0,0,2,1,0,0
2024,내야수,윤준혁,KT,0.176,13,18,17,3,3,2,0,0,5,0,0,0
2024,내야수,양도근,삼성,0.174,16,29,23,5,4,0,1,0,6,2,1,0
2024,내야수,정은원,한화,0.172,27,78,64,10,11,3,1,1,19,6,1,0
2024,내야수,안상현,SSG,0.171,37,75,70,3,12,1,0,0,13,2,1,0
2024,내야수,최경모,SSG,0.171,50,50,35,12,6,0,0,0,6,0,7,0
2024,내야수,김병휘,키움,0.169,28,71,59,6,10,3,0,1,16,3,1,0
2024,내야수,김주성,LG,0.167,12,9,6,1,1,0,0,0,1,0,0,0
2024,내야수,이주찬,롯데,0.167,17,25,24,7,4,1,0,1,8,2,0,0
2024,내야수,신윤후,롯데,0.161,39,35,31,5,5,0,0,0,5,1,1,0
2024,내야수,김정율,LG,0.150,19,22,20,1,3,0,0,0,3,0,0,0
2024,내야수,김주형,키움,0.150,22,25,20,0,3,0,0,0,3,2,1,0
2024,내야수,이호연,KT,0.146,27,43,41,3,6,1,0,0,7,0,1,0
2024,내야수,김웅빈,키움,0.125,12,38,32,2,4,0,0,0,4,2,1,0
2024,내야수,김동진,삼성,0.108,30,42,37,5,4,0,0,1,7,2,2,0
2024,내야수,이승원,키움,0.108,20,41,37,3,4,1,0,0,5,1,2,0
2024,내야수,임지열,키움,0.102,22,57,49,4,5,0,0,1,8,5,0,1
2024,내야수,강한울,삼성,0.095,18,25,21,1,2,0,0,0,2,1,3,1
2024,내야수,전의산,SSG,0.088,34,63,57,3,5,0,0,1,8,3,0,1
2024,내야수,장준원,KT,0.071,17,18,14,1,1,0,0,0,1,0,0,0
2024,내야수,공민규,삼성,0.071,12,17,14,1,1,0,0,1,4,2,0,0
2024,내야수,김호진,삼성,0.069,26,32,29,4,2,0,0,0,2,3,0,1
2024,내야수,송찬의,LG,0.067,10,21,15,2,1,0,0,0,1,1,1,1
2024,내야수,김수인,LG,0.000,4,3,3,0,0,0,0,0,0,0,0,0
2024,내야수,강민성,KT,0.000,1,1,1,0,0,0,0,0,0,0,0,0
2024,내야수,김찬형,SSG,0.000,5,9,9,0,0,0,0,0,0,0,0,0
2024,내야수,김세훈,NC,0.000,7,5,4,0,0,0,0,0,0,0,0,0
2024,내야수,오명진,두산,0.000,2,2,1,0,0,0,0,0,0,1,0,0
2024,내야수,임종성,두산,0.000,1,4,3,0,0,0,0,0,0,0,0,0
2024,내야수,정대선,롯데,0.000,3,2,2,0,0,0,0,0,0,0,0,0
2024,내야수,양우현,삼성,0.000,7,15,13,0,0,0,0,0,0,1,1,0
2024,내야수,한경빈,한화,0.000,1,1,1,0,0,0,0,0,0,0,0,0
2024,내야수,김수환,키움,0.000,2,3,3,0,0,0,0,0,0,0,0,0
2024,내야수,송지후,키움,0.000,2,1,1,1,0,0,0,0,0,0,0,0
2024,내야수,신준우,키움,-,1,0,0,0,0,0,0,0,0,0,0,0
2024,내야수,심휘윤,키움,-,1,0,0,0,0,0,0,0,0,0,0,0
2024,외야수,홍성호,두산,0.286,15,15,14,0,4,2,0,0,6,1,0,0
2024,외야수,윤정빈,삼성,0.286,69,188,161,26,46,4,1,7,73,20,0,2
2024,외야수,최인호,한화,0.286,82,244,210,37,60,13,2,2,83,22,4,2
2024,외야수,손아섭,NC,0.285,84,355,333,45,95,16,0,7,132,50,2,4
2024,외야수,정수빈,두산,0.284,136,608,510,95,145,21,3,4,184,47,10,8
2024,외야수,천재환,NC,0.284,89,236,215,31,61,9,1,5,87,33,3,1
2024,외야수,김재환,두산,0.283,136,552,474,78,134,28,0,29,249,92,0,9
2024,외야수,추신수,SSG,0.281,78,302,253,40,71,14,1,5,102,37,2,6
2024,외야수,최형우,KIA,0.280,116,487,425,67,119,23,2,22,212,109,0,5
2024,외야수,최지훈,SSG,0.275,125,543,483,89,133,22,7,11,202,49,6,2
2024,외야수,오태곤,SSG,0.275,117,288,247,43,68,16,0,9,111,36,6,3
2024,외야수,배정대,KT,0.275,113,473,404,49,111,25,1,7,159,59,8,7
2024,외야수,페라자,한화,0.275,122,522,455,75,125,24,0,24,221,70,0,2
2024,외야수,권광민,한화,0.271,19,51,48,10,13,3,0,4,28,9,0,0
2024,외야수,채은성,한화,0.271,124,498,436,61,118,24,0,20,202,83,0,5
2024,외야수,최원영,LG,0.270,57,41,37,18,10,2,0,1,15,5,0,0
2024,외야수,이주형,키움,0.266,115,537,473,82,126,19,3,13,190,60,0,1
2024,외야수,조수행,두산,0.265,130,382,328,60,87,5,2,0,96,30,14,4
2024,외야수,박해민,LG,0.263,144,553,482,72,127,16,6,6,173,56,5,9
2024,외야수,장진혁,한화,0.263,99,327,289,56,76,16,0,9,119,44,5,1
2024,외야수,이창진,KIA,0.262,103,247,191,36,50,10,0,1,63,18,5,4
2024,외야수,문상철,KT,0.256,125,403,347,50,89,11,0,17,151,58,1,3
2024,외야수,박수종,키움,0.256,80,148,129,23,33,5,1,0,40,6,4,0
2024,외야수,변상권,키움,0.251,77,232,219,16,55,3,1,5,75,21,0,1
2024,외야수,안치영,KT,0.250,31,48,44,12,11,0,0,0,11,3,2,0
2024,외야수,고종욱,KIA,0.250,28,36,32,3,8,2,0,1,13,4,0,0
2024,외야수,조용호,KT,0.248,60,165,149,17,37,5,0,0,42,13,3,0
2024,외야수,하재훈,SSG,0.248,107,317,290,40,72,19,0,10,121,36,2,5
2024,외야수,한석현,NC,0.247,40,76,73,10,18,4,1,0,24,3,0,0
2024,외야수,김성윤,삼성,0.243,32,89,74,15,18,4,0,0,22,6,3,2
2024,외야수,이성규,삼성,0.242,122,355,302,56,73,10,1,22,151,57,4,3
2024,외야수,정현승,SSG,0.241,23,31,29,1,7,0,0,1,10,4,0,0
2024,외야수,임병욱,키움,0.241,42,92,87,14,21,3,0,3,33,10,0,1
2024,외야수,한유섬,SSG,0.235,132,523,464,64,109,29,0,24,210,87,1,3
2024,외야수,박시원,NC,0.234,55,158,141,17,33,5,1,2,46,17,2,1
2024,외야수,이원석,한화,0.233,87,154,133,26,31,4,1,0,37,13,2,1
2024,외야수,정준영,KT,0.226,43,74,62,9,14,2,0,0,16,3,3,0
2024,외야수,김현준,삼성,0.224,79,205,183,23,41,10,1,0,53,11,4,3
2024,외야수,김강민,한화,0.224,41,87,76,5,17,0,0,1,20,7,0,0
2024,외야수,홍현빈,KT,0.222,28,22,18,5,4,0,1,0,6,2,1,0
2024,외야수,유로결,한화,0.222,23,39,36,6,8,1,0,0,9,4,0,0
2024,외야수,이형종,키움,0.216,35,126,102,19,22,3,0,4,37,19,1,0
2024,외야수,송민섭,KT,0.214,36,20,14,8,3,0,0,0,3,1,1,0
2024,외야수,예진원,KIA,0.211,22,21,19,2,4,1,0,0,5,0,0,0
2024,외야수,김민석,롯데,0.211,41,83,76,14,16,3,1,0,21,6,1,0
2024,외야수,이진영,한화,0.204,42,103,93,20,19,6,0,1,28,13,0,0
2024,외야수,김성욱,NC,0.204,129,412,358,55,73,8,2,17,136,60,3,5
2024,외야수,김현종,LG,0.200,17,16,15,8,3,1,0,0,4,2,0,0
2024,외야수,안현민,KT,0.200,16,29,25,5,5,0,1,1,10,2,0,1
2024,외야수,송승환,NC,0.200,3,5,5,1,1,0,0,0,1,0,0,0
2024,외야수,김동혁,롯데,0.200,39,17,15,8,3,0,1,0,5,1,0,0
2024,외야수,김태훈,삼성,0.200,12,21,20,2,4,1,0,0,5,1,0,0
2024,외야수,주성원,키움,0.200,27,62,55,7,11,1,0,1,15,5,1,0
2024,외야수,강진성,SSG,0.185,16,31,27,4,5,0,0,0,5,2,1,0
2024,외야수,박한결,NC,0.185,28,71,65,8,12,1,0,7,34,14,0,0
2024,외야수,안익훈,LG,0.184,37,56,49,8,9,1,0,0,10,3,2,1
2024,외야수,김재혁,삼성,0.184,35,54,49,6,9,2,1,0,13,6,0,2
2024,외야수,김인태,두산,0.174,10,26,23,3,4,0,0,1,7,2,0,1
2024,외야수,장재영,키움,0.168,38,139,119,14,20,3,0,4,35,13,0,0
2024,외야수,최상민,SSG,0.167,43,13,12,9,2,2,0,0,4,1,0,0
2024,외야수,임종찬,한화,0.158,24,64,57,10,9,3,2,0,16,7,0,0
2024,외야수,장두성,롯데,0.156,71,37,32,23,5,0,0,0,5,1,0,0
2024,외야수,이상혁,한화,0.154,43,15,13,13,2,0,0,0,2,0,0,0
2024,외야수,함창건,LG,0.143,15,17,14,3,2,0,0,0,2,0,1,0
2024,외야수,김호령,KIA,0.136,64,67,59,12,8,2,0,1,13,4,0,0
2024,외야수,김대한,두산,0.133,61,89,75,10,10,1,0,1,14,7,2,2
2024,외야수,김건형,KT,0.125,13,25,24,2,3,1,0,0,4,1,0,0
2024,외야수,양찬열,두산,0.125,11,12,8,2,1,0,0,0,1,1,0,0
2024,외야수,김동엽,삼성,0.111,8,21,18,1,2,1,0,0,3,2,0,1
2024,외야수,박주홍,키움,0.102,25,59,49,5,5,2,0,0,7,1,0,0
2024,외야수,김태근,두산,0.087,43,27,23,7,2,0,0,0,2,1,1,0
2024,외야수,최승민,LG,0.077,57,16,13,20,1,0,0,0,1,1,1,0
2024,외야수,김창평,SSG,0.000,6,9,7,1,0,0,0,0,0,0,0,0
2024,외야수,류효승,SSG,0.000,1,2,2,0,0,0,0,0,0,0,0,0
2024,외야수,채현우,SSG,-,1,0,0,0,0,0,0,0,0,0,0,0
2024,외야수,최민창,SSG,0.000,7,3,3,2,0,0,0,0,0,0,0,0
2024,외야수,김범준,NC,0.000,5,5,5,0,0,0,0,0,0,0,0,0
2024,외야수,이선우,롯데,-,7,0,0,1,0,0,0,0,0,0,0,0
2024,외야수,추재현,롯데,-,2,0,0,1,0,0,0,0,0,0,0,0
2024,외야수,류승민,삼성,0.000,5,3,1,1,0,0,0,0,0,0,0,0
2024,외야수,이명기,한화,0.000,4,8,7,0,0,0,0,0,0,1,1,0
2025,포수,조대현,KT,0.187,64,90,75,7,14,4,0,0,18,11,6,0
2025,포수,정보근,롯데,0.186,93,152,129,4,24,4,1,1,33,15,4,0
2025,포수,신범수,SSG,0.182,29,39,33,1,6,1,0,1,10,3,0,0
2025,포수,허인서,한화,0.172,20,30,29,2,5,1,0,0,6,2,0,0
2025,포수,박세혁,NC,0.163,48,93,86,8,14,3,0,2,23,10,0,1
2025,포수,손성빈,롯데,0.145,51,69,62,6,9,0,0,1,12,3,2,0
2025,포수,안중열,NC,0.143,33,60,49,2,7,3,0,0,10,6,1,0
2025,포수,류현준,두산,0.136,17,22,22,2,3,0,0,0,3,1,0,0
2025,포수,김재성,삼성,0.127,43,73,63,3,8,2,0,0,10,4,1,1
2025,포수,박진우,삼성,0.000,1,1,1,0,0,0,0,0,0,0,0,0
2025,포수,김성재,두산,0.000,1,1,1,0,0,0,0,0,0,0,0,0
2025,포수,박민준,두산,0.000,7,2,2,0,0,0,0,0,0,0,0,0
2025,포수,박성재,두산,0.000,6,7,7,0,0,0,0,0,0,0,0,0
2025,포수,장승현,두산,0.000,4,2,2,0,0,0,0,0,0,0,0,0
2025,포수,김민석,KT,-,2,0,0,0,0,0,0,0,0,0,0,0
2025,포수,강승구,롯데,0.000,1,1,1,0,0,0,0,0,0,0,0,0
2025,내야수,문보경,LG,0.276,141,607,515,91,142,21,1,24,237,108,0,9
2025,내야수,황재균,KT,0.275,112,424,385,50,106,19,0,7,146,48,1,2
2025,내야수,윤도현,KIA,0.275,40,160,149,24,41,7,2,6,70,17,2,0
2025,내야수,최정원,NC,0.275,91,155,120,40,33,3,0,0,36,11,4,1
2025,내야수,최주환,키움,0.275,120,506,459,45,126,31,1,12,195,74,0,6
2025,내야수,박성한,SSG,0.274,127,538,452,73,124,23,2,7,172,48,2,2
2025,내야수,한태양,롯데,0.274,108,267,230,42,63,14,2,2,87,22,3,0
2025,내야수,황영묵,한화,0.273,117,286,260,40,71,17,1,1,93,22,2,1
2025,내야수,전병우,삼성,0.273,59,97,77,11,21,2,0,1,26,13,0,0
2025,내야수,고승민,롯데,0.271,121,538,469,71,127,21,2,4,164,45,6,4
2025,내야수,노진혁,롯데,0.270,28,69,63,11,17,1,2,1,25,5,0,0
2025,내야수,서호철,NC,0.266,103,292,263,25,70,7,1,3,88,30,10,4
2025,내야수,오선우,KIA,0.265,124,474,437,58,116,17,1,18,189,56,0,0
2025,내야수,석정우,SSG,0.265,27,54,49,3,13,1,0,2,20,4,0,0
2025,내야수,안상현,SSG,0.264,102,289,258,38,68,8,2,6,98,15,9,2
2025,내야수,정현창,KIA,0.263,16,21,19,4,5,0,0,0,5,0,0,0
2025,내야수,박민석,KT,0.263,19,21,19,5,5,1,1,0,8,1,0,0
2025,내야수,박계범,두산,0.263,94,198,175,23,46,9,2,1,62,27,7,1
2025,내야수,오명진,두산,0.263,107,371,331,38,87,14,4,4,121,41,7,3
2025,내야수,이도윤,한화,0.260,113,277,250,37,65,11,3,1,85,36,10,3
2025,내야수,노시환,한화,0.260,144,624,539,97,140,28,2,32,268,101,0,4
2025,내야수,양도근,삼성,0.259,116,198,166,23,43,5,0,0,48,16,11,1
2025,내야수,오윤석,KT,0.256,77,184,156,30,40,8,1,0,50,19,8,1
2025,내야수,이재현,삼성,0.254,139,555,457,82,116,29,1,16,195,67,10,8
2025,내야수,김상수,KT,0.254,113,423,355,42,90,14,0,5,119,47,5,7
2025,내야수,오지환,LG,0.253,127,472,419,57,106,24,1,16,180,62,7,6
2025,내야수,손호영,롯데,0.250,97,375,328,39,82,12,0,4,106,41,11,4
2025,내야수,오태양,NC,0.250,14,13,12,6,3,0,0,0,3,1,0,0
2025,내야수,김병휘,키움,0.250,7,6,4,2,1,0,0,0,1,0,0,0
2025,내야수,김휘집,NC,0.249,142,500,429,64,107,18,2,17,180,56,2,2
2025,내야수,문보경,LG,0.276,141,607,515,91,142,21,1,24,237,108,0,9
2025,내야수,황재균,KT,0.275,112,424,385,50,106,19,0,7,146,48,1,2
2025,내야수,윤도현,KIA,0.275,40,160,149,24,41,7,2,6,70,17,2,0
2025,내야수,최정원,NC,0.275,91,155,120,40,33,3,0,0,36,11,4,1
2025,내야수,최주환,키움,0.275,120,506,459,45,126,31,1,12,195,74,0,6
2025,내야수,박성한,SSG,0.274,127,538,452,73,124,23,2,7,172,48,2,2
2025,내야수,한태양,롯데,0.274,108,267,230,42,63,14,2,2,87,22,3,0
2025,내야수,황영묵,한화,0.273,117,286,260,40,71,17,1,1,93,22,2,1
2025,내야수,전병우,삼성,0.273,59,97,77,11,21,2,0,1,26,13,0,0
2025,내야수,고승민,롯데,0.271,121,538,469,71,127,21,2,4,164,45,6,4
2025,내야수,노진혁,롯데,0.270,28,69,63,11,17,1,2,1,25,5,0,0
2025,내야수,서호철,NC,0.266,103,292,263,25,70,7,1,3,88,30,10,4
2025,내야수,오선우,KIA,0.265,124,474,437,58,116,17,1,18,189,56,0,0
2025,내야수,석정우,SSG,0.265,27,54,49,3,13,1,0,2,20,4,0,0
2025,내야수,안상현,SSG,0.264,102,289,258,38,68,8,2,6,98,15,9,2
2025,내야수,정현창,KIA,0.263,16,21,19,4,5,0,0,0,5,0,0,0
2025,내야수,박민석,KT,0.263,19,21,19,5,5,1,1,0,8,1,0,0
2025,내야수,박계범,두산,0.263,94,198,175,23,46,9,2,1,62,27,7,1
2025,내야수,오명진,두산,0.263,107,371,331,38,87,14,4,4,121,41,7,3
2025,내야수,이도윤,한화,0.260,113,277,250,37,65,11,3,1,85,36,10,3
2025,내야수,노시환,한화,0.260,144,624,539,97,140,28,2,32,268,101,0,4
2025,내야수,양도근,삼성,0.259,116,198,166,23,43,5,0,0,48,16,11,1
2025,내야수,오윤석,KT,0.256,77,184,156,30,40,8,1,0,50,19,8,1
2025,내야수,이재현,삼성,0.254,139,555,457,82,116,29,1,16,195,67,10,8
2025,내야수,김상수,KT,0.254,113,423,355,42,90,14,0,5,119,47,5,7
2025,내야수,오지환,LG,0.253,127,472,419,57,106,24,1,16,180,62,7,6
2025,내야수,손호영,롯데,0.250,97,375,328,39,82,12,0,4,106,41,11,4
2025,내야수,오태양,NC,0.250,14,13,12,6,3,0,0,0,3,1,0,0
2025,내야수,김병휘,키움,0.250,7,6,4,2,1,0,0,0,1,0,0,0
2025,내야수,김휘집,NC,0.249,142,500,429,64,107,18,2,17,180,56,2,2
2025,내야수,김영웅,삼성,0.249,125,499,446,66,111,22,2,22,203,72,0,3
2025,내야수,양석환,두산,0.248,72,294,262,32,65,16,0,8,105,31,0,3
2025,내야수,정준재,SSG,0.245,132,442,371,58,91,10,3,0,107,25,16,1
2025,내야수,최정,SSG,0.244,95,406,340,54,83,12,0,23,164,63,0,3
2025,내야수,김민성,롯데,0.243,96,254,214,25,52,13,0,3,74,35,2,1
2025,내야수,이호준,롯데,0.242,99,153,132,20,32,7,4,3,56,23,3,1
2025,내야수,이유찬,두산,0.242,89,311,269,36,65,8,1,1,78,16,6,1
2025,내야수,오선진,키움,0.238,99,163,143,15,34,8,0,1,45,19,4,1
2025,내야수,어준서,키움,0.238,116,360,324,48,77,9,1,6,106,27,3,1
2025,내야수,천성호,LG,0.237,83,199,173,24,41,9,2,1,57,17,4,0
2025,내야수,김동준,두산,0.237,36,100,93,8,22,3,0,2,31,10,1,0
2025,내야수,강승호,두산,0.236,115,400,360,51,85,19,3,8,134,37,2,3
2025,내야수,위즈덤,KIA,0.236,119,486,424,73,100,20,1,35,227,85,0,6
2025,내야수,안주형,삼성,0.235,8,18,17,3,4,0,0,1,7,2,0,0
2025,내야수,김규성,KIA,0.233,133,222,193,30,45,4,0,3,58,16,5,1
2025,내야수,김태진,키움,0.233,94,304,279,27,65,11,2,5,95,25,2,3
2025,내야수,오영수,NC,0.232,67,179,155,14,36,5,0,3,50,23,0,0
2025,내야수,심우준,한화,0.231,94,275,247,39,57,9,1,2,74,22,7,1
2025,내야수,전태현,키움,0.231,77,207,182,20,42,5,0,0,47,10,3,2
2025,내야수,나승엽,롯데,0.229,105,392,328,40,75,12,2,9,118,44,3,1
2025,내야수,박준영,두산,0.225,41,126,111,9,25,8,0,1,36,10,1,1
2025,내야수,권동진,KT,0.225,123,309,271,34,61,12,3,1,82,25,6,1
2025,내야수,변우혁,KIA,0.218,47,153,142,11,31,7,0,0,38,17,0,0
2025,내야수,김성현,SSG,0.217,59,137,115,15,25,3,0,1,31,11,4,1
2025,내야수,고영우,키움,0.217,14,26,23,4,5,1,0,0,6,2,1,0
2025,내야수,정훈,롯데,0.216,77,200,185,14,40,11,0,2,57,11,2,0
2025,내야수,문상철,KT,0.214,79,209,173,22,37,6,1,5,60,20,3,3
2025,내야수,염승원,키움,0.211,11,21,19,2,4,0,0,0,4,1,0,1
2025,내야수,이영빈,LG,0.208,44,75,72,12,15,1,1,3,27,9,1,1
2025,내야수,장준원,KT,0.207,73,154,140,10,29,3,0,1,35,11,5,1
2025,내야수,박민,KIA,0.202,71,105,94,11,19,5,0,1,27,6,3,0
2025,내야수,이창용,삼성,0.200,11,17,15,2,3,1,0,1,7,2,0,0
2025,내야수,이해승,삼성,0.200,8,5,5,2,1,0,0,0,1,1,0,0
2025,내야수,김주성,LG,0.200,16,17,15,3,3,0,0,1,6,1,0,0
2025,내야수,손용준,LG,0.200,9,16,15,3,3,0,0,0,3,1,0,0
2025,내야수,김준상,두산,0.200,9,17,15,1,3,1,0,0,4,0,1,0
2025,내야수,홍대인,SSG,0.200,14,5,5,3,1,0,0,0,1,0,0,0
2025,내야수,박병호,삼성,0.199,77,232,196,26,39,5,0,15,89,33,0,2
2025,내야수,최준우,SSG,0.191,78,192,152,17,29,0,0,3,38,22,3,4
2025,내야수,박승욱,롯데,0.190,54,92,84,10,16,3,0,0,19,5,2,0
2025,내야수,황대인,KIA,0.189,18,57,53,3,10,3,0,1,16,8,0,1
2025,내야수,양우현,삼성,0.188,14,16,16,3,3,1,0,0,4,4,0,0
2025,내야수,한재환,NC,0.185,16,31,27,2,5,0,0,0,5,4,0,0
2025,내야수,심재훈,삼성,0.184,31,43,38,8,7,0,0,0,7,2,1,0
2025,내야수,김정율,LG,0.182,13,13,11,0,2,0,0,0,2,1,0,1
2025,내야수,이선우,두산,0.182,10,11,11,0,2,1,0,0,3,0,0,0
2025,내야수,도태훈,NC,0.182,61,98,77,9,14,4,1,1,23,8,6,0
2025,내야수,강진성,키움,0.182,6,13,11,1,2,0,0,0,2,1,0,0
2025,내야수,김찬형,SSG,0.178,44,78,73,4,13,2,0,0,15,5,1,0
2025,내야수,송지후,키움,0.175,33,86,80,5,14,3,0,1,20,8,0,1
2025,내야수,안치홍,한화,0.172,66,196,174,9,30,4,0,2,40,18,4,1
2025,내야수,최정용,KIA,0.167,4,6,6,0,1,0,0,0,1,0,0,0
2025,내야수,문정빈,LG,0.167,21,33,30,5,5,0,0,2,11,4,0,0
2025,내야수,신윤후,롯데,0.167,12,13,12,1,2,0,0,0,2,0,1,0
2025,내야수,최항,롯데,0.167,8,7,6,1,1,0,0,0,1,1,0,0
2025,내야수,권광민,한화,0.167,15,18,18,2,3,1,0,0,4,0,0,0
2025,내야수,홍종표,NC,0.164,62,85,73,16,12,0,0,0,12,3,4,1
2025,내야수,박지환,SSG,0.150,31,68,60,3,9,0,0,0,9,4,3,1
2025,내야수,이원석,키움,0.143,5,8,7,1,1,0,0,0,1,0,0,0
2025,내야수,서건창,KIA,0.136,10,26,22,1,3,1,0,1,7,2,2,0
2025,내야수,여동욱,키움,0.132,28,61,53,6,7,1,0,2,14,2,1,0
2025,내야수,김민혁,두산,0.118,10,21,17,2,2,0,0,1,5,1,0,0
2025,내야수,여동건,두산,0.105,19,21,19,6,2,0,0,0,2,2,0,0
2025,내야수,권혁빈,키움,0.100,22,24,20,1,2,0,0,0,2,1,2,0
2025,내야수,김수윤,SSG,0.091,7,12,11,0,1,0,0,0,1,0,0,0
2025,내야수,김웅빈,키움,0.083,10,31,24,1,2,0,0,0,2,0,1,0
2025,내야수,양현종,키움,0.083,12,14,12,1,1,0,0,0,1,0,0,0
2025,내야수,김인환,한화,0.080,10,26,25,2,2,0,0,1,5,3,0,0
2025,내야수,정해원,KIA,0.075,24,46,40,5,3,0,0,0,3,0,0,0
2025,내야수,윤준혁,KT,0.059,28,18,17,4,1,1,0,0,2,0,1,0
2025,내야수,강민성,KT,0.033,25,36,30,0,1,0,0,0,1,1,0,1
2025,내야수,김호진,삼성,-,1,0,0,0,0,0,0,0,0,0,0,0
2025,내야수,차승준,삼성,0.000,1,1,1,0,0,0,0,0,0,0,0,0
2025,내야수,김재호,두산,-,1,0,0,0,0,0,0,0,0,0,0,0
2025,내야수,오서진,KT,-,3,0,0,0,0,0,0,0,0,0,0,0
2025,내야수,강성우,롯데,-,1,0,0,0,0,0,0,0,0,0,0,0
2025,내야수,이태경,롯데,0.000,2,1,1,0,0,0,0,0,0,0,0,0
2025,내야수,박정현,한화,0.000,2,2,2,0,0,0,0,0,0,0,0,0
2025,내야수,안인산,NC,0.000,4,7,6,0,0,0,0,0,0,1,0,1
2025,내야수,서유신,키움,0.000,6,8,7,0,0,0,0,0,0,0,0,0
2025,내야수,이승원,키움,0.000,1,2,2,0,0,0,0,0,0,0,0,0
2025,외야수,한유섬,SSG,0.273,128,511,455,50,124,24,0,15,193,71,1,2
2025,외야수,플로리얼,한화,0.271,65,285,258,36,70,18,2,8,116,29,0,2
2025,외야수,나성범,KIA,0.268,82,310,261,30,70,16,0,10,116,36,0,1
2025,외야수,김석환,KIA,0.265,47,134,117,14,31,1,2,2,42,16,0,1
2025,외야수,박관우,LG,0.264,39,58,53,12,14,2,0,2,22,13,0,1
2025,외야수,변상권,키움,0.263,12,20,19,2,5,2,0,0,7,4,0,1
2025,외야수,장두성,롯데,0.262,118,284,248,51,65,3,3,0,74,25,7,2
2025,외야수,스티븐슨,KT,0.262,39,168,149,26,39,12,0,3,60,14,1,0
2025,외야수,김태연,한화,0.261,120,340,303,40,79,15,0,3,103,20,6,0
2025,외야수,최인호,한화,0.259,78,159,139,7,36,9,0,2,51,19,1,1
2025,외야수,정수빈,두산,0.258,132,546,462,89,119,16,4,6,161,38,8,4
2025,외야수,이정훈,KT,0.258,59,148,132,20,34,4,0,4,50,14,0,0
2025,외야수,황성빈,롯데,0.256,79,273,246,43,63,4,4,1,78,22,3,2
2025,외야수,카디네스,키움,0.253,86,361,320,33,81,15,1,7,119,42,0,3
2025,외야수,박영빈,NC,0.250,16,5,4,8,1,0,0,0,1,1,0,0
2025,외야수,이우성,NC,0.250,105,337,300,28,75,22,1,3,108,33,1,3
2025,외야수,주성원,키움,0.250,58,174,156,21,39,6,0,1,48,12,0,1
2025,외야수,권희동,NC,0.246,136,456,358,56,88,24,0,6,130,39,8,2
2025,외야수,임지열,키움,0.244,102,417,369,51,90,14,2,11,141,50,1,3
2025,외야수,조수행,두산,0.244,108,140,119,30,29,4,0,0,33,9,7,0
2025,외야수,최원준,NC,0.242,126,449,413,62,100,13,3,6,137,44,2,5
2025,외야수,스톤,키움,0.241,22,93,87,4,21,0,0,2,27,15,0,1
2025,외야수,김재환,두산,0.241,103,407,344,42,83,13,2,13,139,50,0,2
2025,외야수,이주형,키움,0.240,127,514,446,55,107,22,1,11,164,45,3,0
2025,외야수,로하스,KT,0.239,95,384,331,48,79,20,0,14,141,43,0,4
2025,외야수,천재환,NC,0.238,129,294,261,47,62,10,3,6,96,31,6,5
2025,외야수,김태훈,삼성,0.237,51,98,93,4,22,1,0,2,29,8,2,0
2025,외야수,임병욱,키움,0.233,52,140,133,12,31,4,3,2,47,13,1,1
2025,외야수,김민석,두산,0.228,95,247,228,21,52,7,3,1,68,21,2,3
2025,외야수,안치영,KT,0.227,47,56,44,9,10,1,0,1,14,6,4,1
2025,외야수,박주홍,키움,0.226,102,283,248,33,56,11,3,3,82,23,2,2
2025,외야수,김헌곤,삼성,0.225,77,191,173,21,39,6,0,2,51,11,2,1
2025,외야수,김동혁,롯데,0.225,93,114,89,19,20,4,1,0,26,6,4,0
2025,외야수,추재현,두산,0.222,34,87,81,7,18,3,1,1,26,7,2,0
2025,외야수,김동엽,키움,0.222,9,29,27,2,6,2,0,0,8,2,0,0
2025,외야수,함수호,삼성,0.214,6,14,14,1,3,0,0,0,3,1,0,0
2025,외야수,김인태,두산,0.213,106,225,183,17,39,10,1,3,60,25,0,1
2025,외야수,푸이그,키움,0.212,40,172,156,17,33,2,0,6,53,20,0,0
2025,외야수,송찬의,LG,0.211,66,166,147,18,31,9,1,3,51,20,1,1
2025,외야수,장진혁,KT,0.209,86,157,139,19,29,3,1,4,46,19,4,1
2025,외야수,배정대,KT,0.204,99,276,240,25,49,11,2,2,70,28,7,3
2025,외야수,박시원,NC,0.204,52,60,54,12,11,2,0,1,16,4,1,0
2025,외야수,이원석,한화,0.203,129,248,212,60,43,7,0,4,62,24,7,2
2025,외야수,맥브룸,SSG,0.203,22,80,74,8,15,3,0,4,30,11,0,0
2025,외야수,오태곤,SSG,0.201,122,229,194,31,39,6,0,5,60,26,3,1
2025,외야수,김병준,KT,0.200,9,5,5,2,1,0,0,0,1,0,0,0
2025,외야수,이승민,SSG,0.200,2,5,5,0,1,0,0,0,1,0,0,0
2025,외야수,이상혁,한화,0.200,39,12,10,14,2,1,0,0,3,2,1,0
2025,외야수,고승완,NC,0.200,17,11,10,5,2,0,0,0,2,0,0,0
2025,외야수,송승환,NC,0.200,13,15,15,0,3,1,0,0,4,2,0,0
2025,외야수,이형종,키움,0.200,33,82,70,4,14,3,0,2,23,6,2,0
2025,외야수,이성규,삼성,0.198,68,154,126,17,25,5,1,6,50,21,1,2
2025,외야수,김성욱,SSG,0.195,56,132,123,10,24,6,0,2,36,13,1,0
2025,외야수,한석현,NC,0.195,61,138,113,18,22,5,0,3,36,21,4,2
2025,외야수,김대한,두산,0.194,16,37,36,1,7,0,0,1,10,5,0,0
2025,외야수,함창건,LG,0.188,15,36,32,2,6,2,0,0,8,2,0,1
2025,외야수,채현우,SSG,0.188,41,52,48,8,9,1,1,1,15,9,0,1
2025,외야수,윤정빈,삼성,0.175,25,46,40,3,7,1,0,0,8,3,0,2
2025,외야수,원성준,키움,0.174,24,53,46,5,8,1,0,2,15,4,0,0
2025,외야수,임종찬,한화,0.167,17,35,30,2,5,1,0,1,9,2,0,0
2025,외야수,이창진,KIA,0.161,37,113,93,11,15,3,0,1,21,9,1,1
2025,외야수,유로결,한화,0.154,20,16,13,1,2,0,0,0,2,0,2,0
2025,외야수,최상민,SSG,0.143,23,9,7,5,1,0,0,0,1,1,0,0
2025,외야수,하재훈,SSG,0.143,18,61,56,6,8,0,0,3,17,8,0,1
2025,외야수,조세진,롯데,0.143,12,9,7,1,1,0,0,0,1,0,0,0
2025,외야수,박수종,키움,0.143,38,45,42,6,6,0,0,1,9,2,0,0
2025,외야수,장재영,키움,0.143,10,16,14,1,2,0,0,0,2,2,0,0
2025,외야수,홍현빈,삼성,0.125,32,38,32,8,4,2,0,0,6,0,2,0
2025,외야수,유준규,KT,0.118,35,41,34,13,4,2,0,0,6,3,0,0
2025,외야수,박한결,NC,0.118,8,19,17,2,2,0,0,2,8,3,0,0
2025,외야수,최성민,KT,0.105,32,21,19,3,2,0,0,0,2,2,1,0
2025,외야수,박헌,KIA,0.083,8,14,12,0,1,0,0,0,1,0,0,0
2025,외야수,전다민,두산,0.083,22,12,12,5,1,0,0,0,1,0,0,0
2025,외야수,박재현,KIA,0.081,58,69,62,11,5,1,0,0,6,3,0,1
2025,외야수,한승현,롯데,0.059,19,19,17,1,1,0,0,0,1,1,0,1
2025,외야수,김재혁,삼성,0.000,8,4,3,2,0,0,0,0,0,0,0,0
2025,외야수,최승민,LG,0.000,19,6,5,6,0,0,0,0,0,0,0,0
2025,외야수,강현구,두산,0.000,1,2,2,0,0,0,0,0,0,0,0,0
2025,외야수,천현재,두산,0.000,3,3,3,0,0,0,0,0,0,0,0,0
2025,외야수,김건형,KT,0.000,2,1,1,0,0,0,0,0,0,0,0,0
2025,외야수,송민섭,KT,-,3,0,0,0,0,0,0,0,0,0,0,0
2025,외야수,김강민,SSG,-,1,0,0,0,0,0,0,0,0,0,0,0
2025,외야수,김창평,SSG,-,4,0,0,1,0,0,0,0,0,0,0,0
2025,외야수,이정범,SSG,0.000,3,3,3,0,0,0,0,0,0,0,0,0
2025,외야수,임근우,SSG,0.000,3,5,5,0,0,0,0,0,0,0,0,0
2025,외야수,이인한,롯데,-,4,0,0,0,0,0,0,0,0,0,0,0
2025,외야수,이민재,한화,0.000,3,4,4,0,0,0,0,0,0,0,0,0
2025,외야수,김범준,NC,0.000,1,1,1,0,0,0,0,0,0,0,0,0
2026,내야수,강백호,한화,0.273,4,22,22,3,6,1,0,1,10,8,0,0
2026,내야수,전민재,롯데,0.273,4,14,11,1,3,0,0,0,3,2,0,1
2026,내야수,최재영,키움,0.273,4,12,11,2,3,1,0,0,4,2,0,0
2026,내야수,최정원,NC,0.250,4,14,8,0,2,0,0,0,2,1,3,0
2026,내야수,박찬호,두산,0.250,4,19,16,1,4,1,0,0,5,3,1,0
2026,내야수,김태진,키움,0.250,3,4,4,1,1,0,0,0,1,0,0,0
2026,내야수,어준서,키움,0.250,4,19,16,2,4,0,0,0,4,1,0,0
2026,내야수,류현인,KT,0.222,4,10,9,2,2,0,0,0,2,1,0,0
2026,내야수,안재석,두산,0.214,4,16,14,3,3,2,0,0,5,1,0,1
2026,내야수,신민재,LG,0.200,4,19,15,2,3,0,0,0,3,1,0,0
2026,내야수,노시환,한화,0.200,4,22,20,3,4,0,0,0,4,1,0,0
2026,내야수,윤도현,KIA,0.200,4,15,15,1,3,0,0,0,3,0,0,0
2026,내야수,양석환,두산,0.200,4,17,15,3,3,1,0,1,7,2,0,0
2026,내야수,오선우,KIA,0.182,4,12,11,1,2,0,0,1,5,1,0,0
2026,내야수,박지훈,두산,0.182,4,13,11,2,2,0,0,0,2,1,0,0
2026,내야수,김영웅,삼성,0.158,4,19,19,0,3,1,0,0,4,1,0,0
2026,내야수,구본혁,LG,0.143,4,15,14,1,2,0,0,0,2,1,0,0
2026,내야수,박준순,두산,0.143,3,7,7,0,1,0,0,0,1,0,0,0
2026,내야수,김주원,NC,0.118,4,19,17,0,2,1,0,0,3,0,0,0
2026,내야수,서호철,NC,0.100,4,11,10,2,1,1,0,0,2,0,0,0
2026,내야수,이재현,삼성,0.077,4,18,13,3,1,0,0,0,1,1,1,0
2026,내야수,오지환,LG,0.067,4,16,15,0,1,1,0,0,2,3,0,0
2026,내야수,이영빈,LG,0.000,2,1,1,1,0,0,0,0,0,0,0,0
2026,내야수,이도윤,한화,0.000,2,1,1,1,0,0,0,0,0,0,0,0
2026,내야수,최유빈,한화,-,2,0,0,1,0,0,0,0,0,0,0,0
2026,내야수,황영묵,한화,0.000,3,2,1,2,0,0,0,0,0,0,0,0
2026,내야수,정준재,SSG,0.000,4,10,9,1,0,0,0,0,0,0,0,0
2026,내야수,홍대인,SSG,0.000,2,1,1,0,0,0,0,0,0,0,0,0
2026,내야수,심재훈,삼성,0.000,2,1,1,0,0,0,0,0,0,0,0,0
2026,내야수,양우현,삼성,-,1,1,0,0,0,0,0,0,0,0,0,0
2026,내야수,이해승,삼성,-,2,0,0,0,0,0,0,0,0,0,0,0
2026,내야수,전병우,삼성,0.000,2,2,1,0,0,0,0,0,0,0,0,0
2026,내야수,김한별,NC,0.000,3,1,1,0,0,0,0,0,0,1,0,0
2026,내야수,오영수,NC,0.000,3,3,3,0,0,0,0,0,0,0,0,0
2026,내야수,허윤,NC,-,3,0,0,2,0,0,0,0,0,0,0,0
2026,내야수,김민성,롯데,0.000,2,2,1,0,0,0,0,0,0,0,0,0
2026,내야수,박승욱,롯데,-,3,0,0,0,0,0,0,0,0,0,0,0
2026,내야수,이서준,롯데,-,1,0,0,0,0,0,0,0,0,0,0,0
2026,내야수,이호준,롯데,0.000,1,2,2,0,0,0,0,0,0,0,0,0
2026,내야수,김규성,KIA,-,3,1,0,1,0,0,0,0,0,0,0,0
2026,내야수,박민,KIA,0.000,3,5,5,0,0,0,0,0,0,0,0,0
2026,내야수,정현창,KIA,0.000,3,2,2,0,0,0,0,0,0,0,0,0
2026,내야수,오명진,두산,0.000,2,2,2,0,0,0,0,0,0,0,0,0
2026,내야수,이유찬,두산,0.000,3,2,2,0,0,0,0,0,0,0,0,0
2026,내야수,박한결,키움,0.000,3,10,9,0,0,0,0,0,0,0,0,0
2026,내야수,오선진,키움,0.000,4,4,4,1,0,0,0,0,0,0,0,0
2026,외야수,신윤후,롯데,-,2,0,0,0,0,0,0,0,0,0,0,0
2026,외야수,장두성,롯데,0.000,4,5,4,0,0,0,0,0,0,0,1,0
2026,외야수,박재현,KIA,-,3,0,0,1,0,0,0,0,0,0,0,0
2026,외야수,이창진,KIA,0.000,1,2,2,0,0,0,0,0,0,0,0,0
2026,외야수,박수종,키움,-,2,0,0,1,0,0,0,0,0,0,0,0
2026,외야수,이형종,키움,0.000,2,8,4,2,0,0,0,0,0,0,0,0
2026,외야수,함수호,삼성,0.250,4,4,4,0,1,0,0,0,1,1,0,0
2026,외야수,레이예스,롯데,0.250,4,20,16,3,4,0,0,3,13,6,0,0
2026,외야수,손호영,롯데,0.250,4,18,16,5,4,0,0,2,10,2,0,0
2026,외야수,김호령,KIA,0.250,4,19,16,3,4,2,0,0,6,1,0,0
2026,외야수,나성범,KIA,0.235,4,19,17,1,4,0,0,1,7,3,0,0
2026,외야수,카메론,두산,0.231,4,13,13,2,3,2,0,1,8,2,0,0
2026,외야수,김지찬,삼성,0.222,4,15,9,3,2,1,1,0,5,3,0,0
2026,외야수,황성빈,롯데,0.222,4,10,9,1,2,0,0,0,2,0,1,0
2026,외야수,홍창기,LG,0.200,4,19,15,3,3,1,0,0,4,1,0,0
2026,외야수,박해민,LG,0.167,4,15,12,2,2,0,0,0,2,0,1,0
2026,외야수,최지훈,SSG,0.167,4,15,12,3,2,1,0,0,3,0,0,0
2026,외야수,한유섬,SSG,0.167,2,8,6,0,1,0,0,0,1,0,0,0
2026,외야수,김성욱,SSG,0.143,4,8,7,1,1,0,0,0,1,0,0,0
2026,외야수,추재현,키움,0.143,2,7,7,1,1,0,0,0,1,1,0,0
2026,외야수,김재환,SSG,0.071,4,18,14,3,1,0,0,1,4,4,0,1
2026,외야수,송찬의,LG,0.000,1,1,1,0,0,0,0,0,0,0,0,0
2026,외야수,이재원,LG,0.000,3,6,5,0,0,0,0,0,0,0,0,0
2026,외야수,김태연,한화,-,1,0,0,0,0,0,0,0,0,0,0,0
2026,외야수,손아섭,한화,0.000,1,1,1,0,0,0,0,0,0,0,0,0
2026,외야수,이진영,한화,0.000,1,1,1,0,0,0,0,0,0,0,0,0
2026,외야수,최인호,한화,-,1,0,0,0,0,0,0,0,0,0,0,0
2026,외야수,임근우,SSG,0.000,1,1,1,0,0,0,0,0,0,0,0,0
2026,외야수,채현우,SSG,-,2,0,0,1,0,0,0,0,0,0,0,0
2026,외야수,김헌곤,삼성,0.000,2,3,3,0,0,0,0,0,0,0,0,0
2026,외야수,홍현빈,삼성,-,2,0,0,1,0,0,0,0,0,0,0,0
2026,외야수,고준휘,NC,0.000,3,4,3,0,0,0,0,0,0,0,0,0
2026,외야수,천재환,NC,0.000,4,6,4,2,0,0,0,0,0,0,0,0
2026,외야수,배정대,KT,0.000,3,2,2,0,0,0,0,0,0,0,0,0
2026,외야수,안치영,KT,-,3,0,0,1,0,0,0,0,0,0,0,0
2026,외야수,장진혁,KT,0.000,1,1,1,0,0,0,0,0,0,0,0,0
2026,외야수,신윤후,롯데,-,2,0,0,0,0,0,0,0,0,0,0,0
2026,외야수,장두성,롯데,0.000,4,5,4,0,0,0,0,0,0,0,1,0
2026,외야수,박재현,KIA,-,3,0,0,1,0,0,0,0,0,0,0,0
2026,외야수,이창진,KIA,0.000,1,2,2,0,0,0,0,0,0,0,0,0
2026,외야수,박수종,키움,-,2,0,0,1,0,0,0,0,0,0,0,0
2026,외야수,이형종,키움,0.000,2,8,4,2,0,0,0,0,0,0,0,0
