year,position,name,team,detail_position,gama_starter,inning_defence,error,pko,assist,double_play,fpct,pb,sb,cs,cs%
2022,포수,이지영,키움,포수,137,102,994 2/3,11,0,818,77,9,0.988,4,67
2022,포수,유강남,LG,포수,134,115,1008 1/3,7,1,821,71,8,0.992,4,91
2022,포수,박세혁,두산,포수,126,110,884,5,0,689,68,10,0.993,7,74
2022,포수,박동원,KIA,포수,114,98,865,5,2,703,71,8,0.994,5,40
2022,포수,최재훈,한화,포수,106,101,853 2/3,3,1,644,78,10,0.996,7,73
2022,포수,장성우,KT,포수,101,87,763 2/3,7,0,661,39,2,0.990,1,46
2022,포수,이재원,SSG,포수,100,78,660 1/3,4,0,567,20,8,0.993,0,55
2022,포수,김민식,SSG,포수,98,64,595,5,3,462,50,3,0.990,3,39
2022,포수,양의지,NC,포수,96,89,736 2/3,2,1,688,54,5,0.997,5,26
2022,포수,강민호,삼성,포수,95,83,714 1/3,4,0,546,41,2,0.993,2,27
2022,포수,정보근,롯데,포수,94,67,585 2/3,6,0,592,43,4,0.991,6,34
2022,포수,김준태,KT,포수,79,57,504 2/3,3,0,414,22,1,0.993,7,21
2022,포수,지시완,롯데,포수,71,48,426 1/3,2,0,388,23,4,0.995,2,42
2022,포수,김태군,삼성,포수,69,40,390,1,0,323,26,3,0.997,1,14
2022,포수,한승택,KIA,포수,64,34,299 2/3,0,1,243,25,0,1.000,2,17
2022,포수,허도환,LG,포수,63,27,254 2/3,0,0,211,13,0,1.000,3,22
2022,포수,장승현,두산,포수,59,24,260 1/3,4,0,194,14,1,0.981,2,15
2022,포수,박대온,NC,포수,58,37,338 1/3,2,0,309,13,1,0.994,3,20
2022,포수,김재현,키움,포수,56,31,217 1/3,4,1,149,18,3,0.977,2,16
2022,포수,박상언,한화,포수,51,35,329 2/3,9,1,275,26,0,0.971,0,37
2022,포수,김응민,NC,포수,34,17,179 2/3,1,0,163,17,3,0.994,1,10
2022,포수,안중열,롯데,포수,31,20,186 2/3,4,1,151,17,2,0.977,2,20
2022,포수,안승한,두산,포수,29,8,96,0,0,77,10,2,1.000,2,2
2022,포수,김재성,삼성,포수,26,18,171 2/3,2,0,133,5,0,0.986,3,8
2022,포수,이흥련,SSG,포수,22,15,139,0,0,109,5,1,1.000,0,14
2022,포수,강태율,롯데,포수,17,9,82,0,0,78,7,2,1.000,1,3
2022,포수,김기연,LG,포수,12,1,24,0,0,12,0,0,1.000,0,0
2022,포수,김시앙,키움,포수,12,5,36 1/3,1,0,32,1,0,0.971,1,1
2022,포수,문상인,KT,포수,10,0,13 2/3,0,0,9,1,0,1.000,0,1
2022,포수,박유연,두산,포수,10,2,32,0,0,29,3,0,1.000,1,3
2022,포수,이현석,SSG,포수,9,3,35,1,0,25,2,1,0.964,0,3
2022,포수,허인서,한화,포수,8,4,43,1,0,33,1,0,0.971,0,5
2022,포수,이재용,NC,포수,7,0,15,1,0,13,1,1,0.933,0,0
2022,포수,조형우,SSG,포수,5,1,20,0,0,19,0,0,1.000,2,3
2022,포수,허관회,한화,포수,5,1,13,0,0,13,1,0,1.000,0,3
2022,포수,조대현,KT,포수,4,0,5 1/3,0,0,6,0,0,1.000,0,1
2022,포수,정범모,NC,포수,4,1,17,0,0,20,0,0,1.000,0,4
2022,포수,이해창,한화,포수,4,3,26,0,0,19,2,0,1.000,1,3
2022,포수,이병헌,삼성,포수,3,2,11,0,0,9,3,1,1.000,0,2
2022,포수,권다결,KIA,포수,2,0,4,0,0,6,0,0,1.000,0,0
2022,포수,신범수,KIA,포수,2,1,8,0,0,7,0,0,1.000,0,1
2022,포수,김민혁,두산,포수,1,0,6,0,0,9,0,0,1.000,1,1
2022,포수,최용제,두산,포수,1,0,1,0,0,1,0,0,1.000,0,0
2022,포수,박재욱,LG,포수,1,0,1,0,0,1,0,0,1.000,0,0
2022,포수,김선우,KIA,포수,1,0,3,0,0,2,0,0,1.000,0,0
2022,포수,백용환,한화,포수,1,0,3,0,0,4,0,0,1.000,0,0
2022,내야수,양석환,두산,1루수,85,83,685,10,0,629,55,54,0.986,0,0
2022,내야수,김민성,LG,3루수,79,25,313 1/3,3,0,19,46,3,0.956,0,0
2022,내야수,김주원,NC,유격수,79,70,636 1/3,11,0,139,206,48,0.969,0,0
2022,내야수,정훈,롯데,1루수,77,74,614 2/3,2,0,561,43,49,0.997,0,0
2022,내야수,오영수,NC,1루수,76,63,553 2/3,4,0,486,40,50,0.992,0,0
2022,내야수,김인환,한화,1루수,75,71,603 2/3,5,0,567,56,48,0.992,0,0
2022,내야수,노시환,한화,3루수,74,69,594 2/3,7,0,49,104,10,0.956,0,0
2022,내야수,안재석,두산,유격수,72,54,459 2/3,13,0,99,144,36,0.949,0,0
2022,내야수,김도영,KIA,3루수,69,44,407,11,0,47,83,8,0.922,0,0
2022,내야수,문보경,LG,1루수,68,19,257 2/3,2,0,238,20,26,0.992,0,0
2022,내야수,신준우,키움,유격수,66,16,196 1/3,2,0,31,76,20,0.982,0,0
2022,내야수,박승욱,롯데,유격수,64,49,419 2/3,9,0,81,113,23,0.956,0,0
2022,내야수,서건창,LG,2루수,63,54,474,4,0,98,154,41,0.984,0,0
2022,내야수,최주환,SSG,2루수,63,58,435,7,0,81,131,23,0.968,0,0
2022,내야수,크론,SSG,1루수,63,61,533 2/3,3,0,542,43,54,0.995,0,0
2022,내야수,전의산,SSG,1루수,62,56,477 2/3,8,0,441,29,39,0.983,0,0
2022,내야수,최경모,SSG,3루수,62,9,157 2/3,3,0,15,35,1,0.943,0,0
2022,내야수,강한울,삼성,3루수,61,36,336 1/3,6,0,26,71,6,0.942,0,0
2022,내야수,김태연,한화,3루수,61,58,473 1/3,11,0,52,101,11,0.933,0,0
2022,내야수,노진혁,NC,유격수,60,53,441 1/3,8,0,77,125,25,0.962,0,0
2022,내야수,노진혁,NC,3루수,59,57,465 1/3,8,0,34,72,5,0.930,0,0
2022,내야수,마티니,NC,1루수,57,52,396 1/3,10,0,335,21,29,0.973,0,0
2022,내야수,이재현,삼성,유격수,56,42,380 1/3,7,0,61,111,25,0.961,0,0
2022,내야수,오선진,삼성,3루수,53,36,326 2/3,4,0,26,56,4,0.953,0,0
2022,내야수,박준영,NC,3루수,53,40,369 1/3,9,0,34,75,7,0.924,0,0
2022,내야수,김상수,삼성,유격수,47,37,326 1/3,5,0,79,98,21,0.973,0,0
2022,내야수,오태곤,SSG,1루수,45,9,129 1/3,0,0,111,15,12,1.000,0,0
2022,내야수,도태훈,NC,1루수,45,8,150 2/3,2,0,139,7,11,0.986,0,0
2022,내야수,김수환,키움,1루수,44,42,297,3,0,275,27,22,0.990,0,0
2022,내야수,김주형,키움,유격수,42,32,291 1/3,11,0,44,101,18,0.929,0,0
2022,내야수,양석환,두산,1루수,85,83,685,10,0,629,55,54,0.986,0,0
2022,내야수,김민성,LG,3루수,79,25,313 1/3,3,0,19,46,3,0.956,0,0
2022,내야수,김주원,NC,유격수,79,70,636 1/3,11,0,139,206,48,0.969,0,0
2022,내야수,정훈,롯데,1루수,77,74,614 2/3,2,0,561,43,49,0.997,0,0
2022,내야수,오영수,NC,1루수,76,63,553 2/3,4,0,486,40,50,0.992,0,0
2022,내야수,김인환,한화,1루수,75,71,603 2/3,5,0,567,56,48,0.992,0,0
2022,내야수,노시환,한화,3루수,74,69,594 2/3,7,0,49,104,10,0.956,0,0
2022,내야수,안재석,두산,유격수,72,54,459 2/3,13,0,99,144,36,0.949,0,0
2022,내야수,김도영,KIA,3루수,69,44,407,11,0,47,83,8,0.922,0,0
2022,내야수,문보경,LG,1루수,68,19,257 2/3,2,0,238,20,26,0.992,0,0
2022,내야수,신준우,키움,유격수,66,16,196 1/3,2,0,31,76,20,0.982,0,0
2022,내야수,박승욱,롯데,유격수,64,49,419 2/3,9,0,81,113,23,0.956,0,0
2022,내야수,서건창,LG,2루수,63,54,474,4,0,98,154,41,0.984,0,0
2022,내야수,최주환,SSG,2루수,63,58,435,7,0,81,131,23,0.968,0,0
2022,내야수,크론,SSG,1루수,63,61,533 2/3,3,0,542,43,54,0.995,0,0
2022,내야수,전의산,SSG,1루수,62,56,477 2/3,8,0,441,29,39,0.983,0,0
2022,내야수,최경모,SSG,3루수,62,9,157 2/3,3,0,15,35,1,0.943,0,0
2022,내야수,강한울,삼성,3루수,61,36,336 1/3,6,0,26,71,6,0.942,0,0
2022,내야수,김태연,한화,3루수,61,58,473 1/3,11,0,52,101,11,0.933,0,0
2022,내야수,노진혁,NC,유격수,60,53,441 1/3,8,0,77,125,25,0.962,0,0
2022,내야수,노진혁,NC,3루수,59,57,465 1/3,8,0,34,72,5,0.930,0,0
2022,내야수,마티니,NC,1루수,57,52,396 1/3,10,0,335,21,29,0.973,0,0
2022,내야수,이재현,삼성,유격수,56,42,380 1/3,7,0,61,111,25,0.961,0,0
2022,내야수,오선진,삼성,3루수,53,36,326 2/3,4,0,26,56,4,0.953,0,0
2022,내야수,박준영,NC,3루수,53,40,369 1/3,9,0,34,75,7,0.924,0,0
2022,내야수,김상수,삼성,유격수,47,37,326 1/3,5,0,79,98,21,0.973,0,0
2022,내야수,오태곤,SSG,1루수,45,9,129 1/3,0,0,111,15,12,1.000,0,0
2022,내야수,도태훈,NC,1루수,45,8,150 2/3,2,0,139,7,11,0.986,0,0
2022,내야수,김수환,키움,1루수,44,42,297,3,0,275,27,22,0.990,0,0
2022,내야수,김주형,키움,유격수,42,32,291 1/3,11,0,44,101,18,0.929,0,0
2022,내야수,박승욱,롯데,2루수,42,11,134 1/3,1,0,24,45,6,0.986,0,0
2022,내야수,서호철,NC,2루수,41,27,258,1,0,54,74,15,0.992,0,0
2022,내야수,안치홍,롯데,1루수,40,24,235,1,0,225,19,20,0.996,0,0
2022,내야수,오윤석,KT,1루수,39,11,152 2/3,1,0,130,14,11,0.993,0,0
2022,내야수,이원석,삼성,3루수,39,36,277,3,0,22,48,6,0.959,0,0
2022,내야수,이호연,롯데,1루수,39,13,155,1,0,127,12,15,0.993,0,0
2022,내야수,이해승,삼성,유격수,38,26,245 1/3,8,0,38,73,11,0.933,0,0
2022,내야수,김태진,키움,1루수,38,30,253 2/3,1,0,236,26,22,0.996,0,0
2022,내야수,서호철,NC,3루수,38,23,224 2/3,4,0,17,55,1,0.947,0,0
2022,내야수,류지혁,KIA,1루수,36,14,158,2,0,155,5,11,0.988,0,0
2022,내야수,노시환,한화,1루수,36,25,232,3,0,209,17,15,0.987,0,0
2022,내야수,가르시아,LG,2루수,35,34,297,5,0,58,87,14,0.967,0,0
2022,내야수,박정현,한화,유격수,35,27,246 1/3,5,0,38,81,13,0.960,0,0
2022,내야수,이상호,LG,2루수,32,8,123,2,0,27,43,8,0.972,0,0
2022,내야수,신본기,KT,유격수,31,14,148 2/3,1,0,25,39,7,0.985,0,0
2022,내야수,신본기,KT,2루수,30,9,109,0,0,20,32,8,1.000,0,0
2022,내야수,박계범,두산,3루수,30,17,159,4,0,16,25,2,0.911,0,0
2022,내야수,오선진,삼성,유격수,30,21,176 1/3,5,0,39,51,13,0.947,0,0
2022,내야수,안상현,SSG,2루수,30,9,103,1,0,21,42,10,0.984,0,0
2022,내야수,도태훈,NC,3루수,30,16,158 1/3,2,0,12,35,9,0.959,0,0
2022,내야수,이도윤,한화,3루수,30,6,97 1/3,2,0,8,19,1,0.931,0,0
2022,내야수,페르난데스,두산,1루수,29,29,243,2,0,227,11,24,0.992,0,0
2022,내야수,한태양,롯데,유격수,29,19,162,5,0,29,50,13,0.940,0,0
2022,내야수,이재현,삼성,3루수,28,19,156,3,0,7,36,4,0.935,0,0
2022,내야수,최경모,SSG,2루수,28,5,76,0,0,17,20,2,1.000,0,0
2022,내야수,김도영,KIA,유격수,28,16,160 2/3,2,0,29,47,7,0.974,0,0
2022,내야수,이성곤,한화,1루수,28,20,175 1/3,2,0,161,11,10,0.989,0,0
2022,내야수,강한울,삼성,2루수,27,12,120 1/3,0,0,15,44,14,1.000,0,0
2022,내야수,김태진,키움,2루수,26,18,167 1/3,3,0,41,65,15,0.972,0,0
2022,내야수,이호연,롯데,3루수,26,17,172 1/3,1,0,13,34,1,0.979,0,0
2022,내야수,권동진,KT,2루수,25,5,68 2/3,0,0,19,33,9,1.000,0,0
2022,내야수,박계범,두산,유격수,25,13,108 2/3,4,0,13,27,5,0.909,0,0
2022,내야수,김상수,삼성,2루수,25,20,174,4,0,42,64,15,0.964,0,0
2022,내야수,오선진,삼성,2루수,25,19,135 1/3,1,0,37,33,9,0.986,0,0
2022,내야수,최주환,SSG,1루수,24,18,157 2/3,4,0,143,14,20,0.975,0,0
2022,내야수,박준영,NC,유격수,24,17,134,4,0,21,32,3,0.930,0,0
2022,내야수,김규성,KIA,2루수,24,7,77 2/3,1,0,21,13,2,0.971,0,0
2022,내야수,박정현,한화,1루수,24,14,132,0,0,108,12,12,1.000,0,0
2022,내야수,강승호,두산,1루수,23,3,59 1/3,0,0,52,10,4,1.000,0,0
2022,내야수,박계범,두산,2루수,23,15,127,0,0,23,45,8,1.000,0,0
2022,내야수,이영빈,LG,유격수,23,3,62,1,0,11,24,4,0.972,0,0
2022,내야수,김한별,NC,유격수,23,4,75,3,0,9,19,2,0.903,0,0
2022,내야수,윤형준,NC,1루수,23,14,121,0,0,99,10,7,1.000,0,0
2022,내야수,강진성,두산,1루수,22,13,133 1/3,0,0,121,7,14,1.000,0,0
2022,내야수,이원석,삼성,1루수,22,18,170,3,0,154,13,17,0.982,0,0
2022,내야수,루이즈,LG,3루수,22,20,174,2,0,19,31,3,0.962,0,0
2022,내야수,신본기,KT,3루수,21,5,77 2/3,0,0,8,15,2,1.000,0,0
2022,내야수,김태연,한화,2루수,21,16,137 2/3,2,0,39,51,11,0.978,0,0
2022,내야수,손호영,LG,2루수,20,19,146,5,0,35,41,14,0.938,0,0
2022,내야수,김성현,SSG,유격수,20,11,94 1/3,1,0,16,32,7,0.980,0,0
2022,내야수,김주원,NC,2루수,20,11,94,0,0,28,28,7,1.000,0,0
2022,내야수,김정율,롯데,3루수,20,14,113 1/3,1,0,11,29,4,0.976,0,0
2022,내야수,이호연,롯데,2루수,20,10,114,2,0,24,36,2,0.968,0,0
2022,내야수,장준원,KT,2루수,19,8,78 1/3,0,0,13,23,4,1.000,0,0
2022,내야수,배성근,롯데,2루수,19,7,84 1/3,1,0,15,30,6,0.978,0,0
2022,내야수,김규성,KIA,1루수,19,0,35,0,0,30,2,5,1.000,0,0
2022,내야수,이도윤,한화,유격수,19,12,114,1,0,18,37,3,0.982,0,0
2022,내야수,안재석,두산,2루수,18,13,101 1/3,2,0,30,45,7,0.974,0,0
2022,내야수,김성현,SSG,3루수,18,10,111 1/3,4,0,12,23,2,0.897,0,0
2022,내야수,도태훈,NC,2루수,18,9,88,0,0,19,32,3,1.000,0,0
2022,내야수,김정율,롯데,2루수,18,14,109,2,0,24,34,4,0.967,0,0
2022,내야수,이도윤,한화,2루수,18,9,95,3,0,19,24,4,0.935,0,0
2022,내야수,김민혁,두산,1루수,17,12,106 1/3,2,0,95,5,10,0.980,0,0
2022,내야수,서예일,두산,2루수,17,1,44 2/3,0,0,10,17,3,1.000,0,0
2022,내야수,김정율,롯데,1루수,17,10,92,1,0,97,12,13,0.991,0,0
2022,내야수,김규성,KIA,3루수,17,3,50,1,0,2,12,0,0.933,0,0
2022,내야수,최정용,KIA,2루수,17,2,42 2/3,1,0,4,13,0,0.944,0,0
2022,내야수,강백호,KT,1루수,16,13,111,2,0,91,7,11,0.980,0,0
2022,내야수,김병희,KT,1루수,16,9,81 1/3,2,0,67,6,11,0.973,0,0
2022,내야수,서예일,두산,3루수,16,0,31 1/3,1,0,0,6,1,0.857,0,0
2022,내야수,최영진,삼성,3루수,16,11,98,1,0,11,22,1,0.971,0,0
2022,내야수,송찬의,LG,2루수,16,13,105,4,0,34,38,10,0.947,0,0
2022,내야수,이상호,LG,1루수,16,1,31 1/3,0,0,23,1,4,1.000,0,0
2022,내야수,김지찬,삼성,유격수,15,11,99,4,0,14,32,8,0.920,0,0
2022,내야수,안주형,삼성,2루수,15,3,53,0,0,13,25,3,1.000,0,0
2022,내야수,이영빈,LG,2루수,15,6,62,1,0,17,22,5,0.975,0,0
2022,내야수,전민재,두산,유격수,14,11,86 2/3,2,0,18,30,6,0.960,0,0
2022,내야수,최영진,삼성,1루수,14,5,56,0,0,44,4,6,1.000,0,0
2022,내야수,전병우,키움,3루수,14,3,36 1/3,1,0,3,11,1,0.933,0,0
2022,내야수,강한울,삼성,유격수,13,5,42 2/3,3,0,9,12,5,0.875,0,0
2022,내야수,손호영,LG,유격수,13,3,37,0,0,6,15,2,1.000,0,0
2022,내야수,신준우,키움,2루수,12,0,16,0,0,7,4,1,1.000,0,0
2022,내야수,전준우,롯데,1루수,12,9,71 1/3,0,0,54,4,2,1.000,0,0
2022,내야수,박정현,한화,2루수,12,5,54,1,0,12,20,3,0.970,0,0
2022,내야수,박정현,한화,3루수,12,7,66,2,0,13,14,5,0.931,0,0
2022,내야수,권동진,KT,유격수,11,3,31 1/3,1,0,8,9,3,0.944,0,0
2022,내야수,장준원,KT,유격수,11,3,48 1/3,0,0,5,13,3,1.000,0,0
2022,내야수,김웅빈,키움,1루수,11,9,77 2/3,1,0,70,8,5,0.987,0,0
2022,내야수,이주형,키움,1루수,11,11,75,0,0,65,2,12,1.000,0,0
2022,내야수,조민성,삼성,1루수,10,3,31,1,0,31,2,3,0.971,0,0
2022,외야수,노수광,한화,중견수,11,7,71,0,0,24,0,0,1.000,0,0
2022,외야수,유상빈,한화,좌익수,11,10,78,0,0,11,0,0,1.000,0,0
2022,외야수,김성표,삼성,중견수,10,4,47,0,0,15,0,0,1.000,0,0
2022,외야수,김태진,키움,좌익수,10,8,64,0,0,13,0,0,1.000,0,0
2022,외야수,박주홍,키움,좌익수,10,8,59,0,0,15,0,0,1.000,0,0
2022,외야수,예진원,키움,좌익수,10,1,21,0,0,6,0,0,1.000,0,0
2022,외야수,이명기,NC,중견수,10,7,59 1/3,0,0,12,0,0,1.000,0,0
2022,외야수,김동엽,삼성,좌익수,9,5,45,0,0,11,0,0,1.000,0,0
2022,외야수,김성윤,삼성,우익수,9,2,25,1,0,8,0,0,0.889,0,0
2022,외야수,신윤후,롯데,좌익수,9,4,43,0,0,7,0,0,1.000,0,0
2022,외야수,조세진,롯데,좌익수,9,4,49,0,0,11,0,0,1.000,0,0
2022,외야수,박정우,KIA,중견수,9,0,18,0,0,4,0,0,1.000,0,0
2022,외야수,유로결,한화,우익수,9,5,49,1,0,6,0,0,0.857,0,0
2022,외야수,홍현빈,KT,중견수,8,5,40 2/3,0,0,8,0,0,1.000,0,0
2022,외야수,박승규,삼성,좌익수,8,0,13 2/3,0,0,3,0,0,1.000,0,0
2022,외야수,채은성,LG,우익수,8,1,33,0,0,6,0,0,1.000,0,0
2022,외야수,오준혁,SSG,좌익수,8,4,29 1/3,0,0,3,2,0,1.000,0,0
2022,외야수,고종욱,KIA,좌익수,8,3,28,0,0,3,0,0,1.000,0,0
2022,외야수,소크라테스,KIA,우익수,8,3,34,0,0,5,0,0,1.000,0,0
2022,외야수,이창진,KIA,중견수,8,3,34,0,0,10,0,0,1.000,0,0
2022,외야수,강진성,두산,우익수,7,6,35 1/3,0,0,3,0,0,1.000,0,0
2022,외야수,송승환,두산,좌익수,7,6,57,0,0,12,0,0,1.000,0,0
2022,외야수,신성현,두산,좌익수,7,5,36,0,0,8,1,1,1.000,0,0
2022,외야수,안익훈,LG,우익수,7,0,11,0,0,3,0,0,1.000,0,0
2022,외야수,이창진,KIA,우익수,7,1,20,0,0,6,0,0,1.000,0,0
2022,외야수,안권수,두산,좌익수,6,0,13 2/3,0,0,3,0,0,1.000,0,0
2022,외야수,홍성호,두산,우익수,6,2,18,0,0,2,0,0,1.000,0,0
2022,외야수,김성윤,삼성,좌익수,6,1,17,0,0,1,0,0,1.000,0,0
2022,외야수,김재혁,삼성,좌익수,6,5,43,0,0,8,0,0,1.000,0,0
2022,외야수,송준석,삼성,우익수,6,6,42,0,0,4,0,0,1.000,0,0
2022,외야수,김준완,키움,좌익수,65,39,399 1/3,1,0,92,2,1,0.989,0,0
2022,외야수,이용규,키움,좌익수,60,56,442 1/3,2,0,89,2,0,0.978,0,0
2022,외야수,김강민,SSG,중견수,60,35,341,0,0,85,0,0,1.000,0,0
2022,외야수,알포드,KT,좌익수,58,52,420,3,0,76,2,0,0.963,0,0
2022,외야수,황성빈,롯데,중견수,54,49,388 2/3,5,0,94,1,1,0.950,0,0
2022,외야수,이진영,한화,우익수,54,47,414 2/3,1,0,73,3,0,0.987,0,0
2022,외야수,안권수,두산,우익수,52,39,366 1/3,6,0,82,4,0,0.935,0,0
2022,외야수,김인태,두산,우익수,49,47,342,1,0,75,1,0,0.987,0,0
2022,외야수,김호령,KIA,중견수,48,19,209,3,0,66,2,0,0.958,0,0
2022,외야수,조수행,두산,좌익수,47,7,152,0,0,45,1,0,1.000,0,0
2022,외야수,라가레스,SSG,좌익수,46,46,394 2/3,2,0,97,2,0,0.980,0,0
2022,외야수,김기환,NC,중견수,44,20,209,1,0,60,1,0,0.984,0,0
2022,외야수,김대한,두산,우익수,43,20,222 2/3,0,0,43,1,0,1.000,0,0
2022,외야수,조수행,두산,우익수,40,6,117 2/3,0,0,21,1,0,1.000,0,0
2022,외야수,하재훈,SSG,좌익수,40,23,194,1,0,44,3,0,0.979,0,0
2022,외야수,김준완,키움,우익수,39,34,272,2,0,62,5,0,0.971,0,0
2022,외야수,최지훈,SSG,우익수,39,14,151 1/3,0,0,42,2,0,1.000,0,0
2022,외야수,홍현빈,KT,우익수,37,17,168 2/3,1,0,41,3,0,0.978,0,0
2022,외야수,이우성,KIA,좌익수,37,19,180,2,0,39,0,0,0.951,0,0
2022,외야수,장두성,롯데,중견수,36,3,93 1/3,0,0,19,0,0,1.000,0,0
2022,외야수,황성빈,롯데,좌익수,36,21,207 1/3,2,0,42,0,0,0.955,0,0
2022,외야수,장진혁,한화,우익수,36,28,249,4,0,54,2,1,0.933,0,0
2022,외야수,김헌곤,삼성,중견수,35,28,232 1/3,0,0,64,0,0,1.000,0,0
2022,외야수,문성주,LG,우익수,32,26,242 1/3,0,0,53,2,0,1.000,0,0
2022,외야수,이재원,LG,좌익수,32,22,204 2/3,0,0,36,1,0,1.000,0,0
2022,외야수,권희동,NC,중견수,31,29,211 1/3,1,0,52,0,0,0.981,0,0
2022,외야수,렉스,롯데,우익수,29,17,171,0,0,22,0,0,1.000,0,0
2022,외야수,김석환,KIA,좌익수,29,20,173,0,0,33,0,0,1.000,0,0
2022,외야수,이우성,KIA,우익수,29,8,91,0,0,19,1,0,1.000,0,0
2022,외야수,장운호,한화,우익수,29,21,195,1,0,37,0,0,0.974,0,0
2022,외야수,김헌곤,삼성,우익수,28,25,209 1/3,0,0,40,2,1,1.000,0,0
2022,외야수,문성주,LG,좌익수,28,23,213,0,0,71,2,0,1.000,0,0
2022,외야수,최지훈,SSG,좌익수,27,18,166 1/3,0,0,41,1,0,1.000,0,0
2022,외야수,최승민,NC,중견수,27,6,87,1,0,18,0,0,0.947,0,0
2022,외야수,김인태,두산,좌익수,26,16,136,0,0,28,0,0,1.000,0,0
2022,외야수,양찬열,두산,우익수,26,21,163 2/3,1,0,35,1,0,0.973,0,0
2022,외야수,권희동,NC,우익수,26,12,124 1/3,2,0,21,3,0,0.923,0,0
2022,외야수,장운호,한화,좌익수,26,14,138,1,0,36,0,0,0.973,0,0
2022,외야수,김헌곤,삼성,좌익수,25,9,104,0,0,24,2,0,1.000,0,0
2022,외야수,박준태,키움,우익수,25,7,102 2/3,0,0,19,0,0,1.000,0,0
2022,외야수,권희동,NC,좌익수,25,17,146 2/3,0,0,40,0,0,1.000,0,0
2022,외야수,송민섭,KT,좌익수,24,0,36 1/3,0,0,10,0,0,1.000,0,0
2022,외야수,홍현빈,KT,좌익수,24,1,44 1/3,0,0,13,0,0,1.000,0,0
2022,외야수,조수행,두산,중견수,24,8,85 2/3,0,0,18,0,0,1.000,0,0
2022,외야수,박승규,삼성,중견수,24,12,127 1/3,0,0,49,0,0,1.000,0,0
2022,외야수,신윤후,롯데,우익수,24,10,95,0,0,14,0,0,1.000,0,0
2022,외야수,피터스,롯데,우익수,24,13,125,1,0,23,0,0,0.958,0,0
2022,외야수,소크라테스,KIA,좌익수,24,0,41,0,0,14,1,1,1.000,0,0
2022,외야수,렉스,롯데,중견수,23,19,160,1,0,46,1,0,0.979,0,0
2022,외야수,조세진,롯데,우익수,23,16,143 1/3,1,0,27,1,0,0.966,0,0
2022,외야수,안권수,두산,중견수,22,18,131 2/3,1,0,33,1,0,0.971,0,0
2022,외야수,임지열,키움,좌익수,22,18,155,0,0,39,2,1,1.000,0,0
2022,외야수,김기환,NC,좌익수,20,8,90,1,0,18,1,0,0.950,0,0
2022,외야수,최형우,KIA,좌익수,19,17,133,0,0,34,1,0,1.000,0,0
2022,외야수,임종찬,한화,우익수,19,17,137,1,0,24,2,0,0.963,0,0
2022,외야수,라모스,KT,우익수,18,18,157,2,0,27,1,0,0.933,0,0
2022,외야수,이재원,LG,우익수,18,13,99 1/3,1,0,24,0,0,0.960,0,0
2022,외야수,김준완,키움,중견수,18,6,67,0,0,20,0,0,1.000,0,0
2022,외야수,권광민,한화,좌익수,18,14,131,0,0,32,0,0,1.000,0,0
2022,외야수,박승규,삼성,우익수,17,5,59,0,0,11,0,0,1.000,0,0
2022,외야수,박준태,키움,좌익수,17,3,62 2/3,0,0,11,0,0,1.000,0,0
2022,외야수,오준혁,SSG,우익수,17,8,64,0,0,14,0,0,1.000,0,0
2022,외야수,렉스,롯데,좌익수,17,15,113 1/3,1,0,33,1,0,0.971,0,0
2022,외야수,김성윤,삼성,중견수,16,8,74,0,0,15,2,0,1.000,0,0
2022,외야수,홍창기,LG,중견수,16,2,44,0,0,14,0,0,1.000,0,0
2022,외야수,오태곤,SSG,우익수,16,3,42 1/3,0,0,15,1,0,1.000,0,0
2022,외야수,박건우,NC,우익수,16,9,72 2/3,0,0,12,1,1,1.000,0,0
2022,외야수,천재환,NC,중견수,16,2,43,0,0,9,0,0,1.000,0,0
2022,외야수,추재현,롯데,우익수,16,13,115,1,0,17,0,0,0.944,0,0
2022,외야수,마티니,NC,우익수,15,12,102,0,0,19,1,0,1.000,0,0
2022,외야수,이시원,KT,좌익수,14,0,18 1/3,0,0,3,0,0,1.000,0,0
2022,외야수,박찬혁,키움,좌익수,14,9,74,1,0,15,0,0,0.938,0,0
2022,외야수,정진기,NC,우익수,14,1,34,0,0,3,0,0,1.000,0,0
2022,외야수,김태연,한화,우익수,14,11,94,1,0,16,1,0,0.944,0,0
2022,외야수,유로결,한화,좌익수,14,11,96,0,0,18,1,0,1.000,0,0
2022,외야수,알포드,KT,우익수,13,10,82,1,0,8,0,0,0.889,0,0
2022,외야수,김현준,삼성,우익수,13,6,67 2/3,0,0,14,0,0,1.000,0,0
2022,외야수,최상민,SSG,우익수,13,0,22,0,0,10,0,0,1.000,0,0
2022,외야수,정진기,NC,중견수,13,4,51,0,0,12,0,0,1.000,0,0
2022,외야수,황성빈,롯데,우익수,13,11,95 2/3,0,0,22,1,0,1.000,0,0
2022,외야수,이원석,한화,중견수,13,6,64,1,0,19,0,0,0.950,0,0
2022,외야수,이진영,한화,좌익수,13,8,71 2/3,1,0,14,0,0,0.933,0,0
2022,외야수,이시원,KT,우익수,12,2,36,0,0,5,0,0,1.000,0,0
2022,외야수,김대한,두산,중견수,12,4,49,0,0,22,0,0,1.000,0,0
2022,외야수,박준태,키움,중견수,12,4,41,0,0,13,0,0,1.000,0,0
2022,외야수,송민섭,KT,중견수,11,1,27 1/3,0,0,10,1,0,1.000,0,0
2022,외야수,양찬열,두산,좌익수,11,2,31 1/3,0,0,10,0,0,1.000,0,0
2022,외야수,김기환,NC,우익수,11,0,23 1/3,0,0,5,0,0,1.000,0,0
2022,외야수,천재환,NC,우익수,11,0,20,0,0,4,1,0,1.000,0,0
2022,외야수,권광민,한화,우익수,11,6,53 2/3,0,0,15,0,0,1.000,0,0
2022,외야수,노수광,한화,중견수,11,7,71,0,0,24,0,0,1.000,0,0
2022,외야수,유상빈,한화,좌익수,11,10,78,0,0,11,0,0,1.000,0,0
2022,외야수,김성표,삼성,중견수,10,4,47,0,0,15,0,0,1.000,0,0
2022,외야수,김태진,키움,좌익수,10,8,64,0,0,13,0,0,1.000,0,0
2022,외야수,박주홍,키움,좌익수,10,8,59,0,0,15,0,0,1.000,0,0
2022,외야수,예진원,키움,좌익수,10,1,21,0,0,6,0,0,1.000,0,0
2022,외야수,이명기,NC,중견수,10,7,59 1/3,0,0,12,0,0,1.000,0,0
2022,외야수,김동엽,삼성,좌익수,9,5,45,0,0,11,0,0,1.000,0,0
2022,외야수,김성윤,삼성,우익수,9,2,25,1,0,8,0,0,0.889,0,0
2022,외야수,신윤후,롯데,좌익수,9,4,43,0,0,7,0,0,1.000,0,0
2022,외야수,조세진,롯데,좌익수,9,4,49,0,0,11,0,0,1.000,0,0
2022,외야수,박정우,KIA,중견수,9,0,18,0,0,4,0,0,1.000,0,0
2022,외야수,유로결,한화,우익수,9,5,49,1,0,6,0,0,0.857,0,0
2022,외야수,홍현빈,KT,중견수,8,5,40 2/3,0,0,8,0,0,1.000,0,0
2022,외야수,박승규,삼성,좌익수,8,0,13 2/3,0,0,3,0,0,1.000,0,0
2022,외야수,채은성,LG,우익수,8,1,33,0,0,6,0,0,1.000,0,0
2022,외야수,오준혁,SSG,좌익수,8,4,29 1/3,0,0,3,2,0,1.000,0,0
2022,외야수,고종욱,KIA,좌익수,8,3,28,0,0,3,0,0,1.000,0,0
2022,외야수,소크라테스,KIA,우익수,8,3,34,0,0,5,0,0,1.000,0,0
2022,외야수,이창진,KIA,중견수,8,3,34,0,0,10,0,0,1.000,0,0
2022,외야수,강진성,두산,우익수,7,6,35 1/3,0,0,3,0,0,1.000,0,0
2022,외야수,송승환,두산,좌익수,7,6,57,0,0,12,0,0,1.000,0,0
2022,외야수,신성현,두산,좌익수,7,5,36,0,0,8,1,1,1.000,0,0
2022,외야수,안익훈,LG,우익수,7,0,11,0,0,3,0,0,1.000,0,0
2022,외야수,이창진,KIA,우익수,7,1,20,0,0,6,0,0,1.000,0,0
2022,외야수,안권수,두산,좌익수,6,0,13 2/3,0,0,3,0,0,1.000,0,0
2022,외야수,홍성호,두산,우익수,6,2,18,0,0,2,0,0,1.000,0,0
2022,외야수,김성윤,삼성,좌익수,6,1,17,0,0,1,0,0,1.000,0,0
2022,외야수,김재혁,삼성,좌익수,6,5,43,0,0,8,0,0,1.000,0,0
2022,외야수,송준석,삼성,우익수,6,6,42,0,0,4,0,0,1.000,0,0
2023,포수,안승한,두산,포수,21,8,80,2,0,52,3,1,0.965,1,10
2023,포수,주효상,KIA,포수,18,11,90,0,0,88,7,3,1.000,0,9
2023,포수,이흥련,SSG,포수,16,4,55,1,0,45,2,1,0.979,1,11
2023,포수,박유연,두산,포수,10,5,41 1/3,1,0,36,1,0,0.974,0,1
2023,포수,김재현,키움,포수,8,3,29,0,0,16,0,0,1.000,0,3
2023,포수,김도환,삼성,포수,8,3,31,0,0,24,1,0,1.000,0,5
2023,포수,허관회,한화,포수,8,0,14 2/3,1,0,14,0,0,0.933,0,3
2023,포수,김선우,KIA,포수,5,1,21,0,0,18,1,1,1.000,0,3
2023,포수,전준호,LG,포수,2,0,3,0,0,4,0,0,1.000,0,1
2023,포수,김민수,삼성,포수,2,0,3,0,0,3,0,0,1.000,0,2
2023,포수,지시완,롯데,포수,2,2,15,0,0,10,5,0,1.000,0,1
2023,포수,이재용,한화,포수,2,0,4,0,0,2,0,0,1.000,0,0
2023,포수,문상인,KT,포수,1,0,3,0,0,2,0,0,1.000,0,0
2023,포수,서동욱,롯데,포수,1,1,6,0,0,5,0,0,1.000,0,2
2023,내야수,김도영,KIA,3루수,81,81,695 1/3,11,0,68,140,16,0.950,0,0
2023,내야수,오태곤,SSG,1루수,80,40,433 2/3,2,0,413,37,59,0.996,0,0
2023,내야수,최주환,SSG,2루수,78,69,540 2/3,7,0,131,168,55,0.977,0,0
2023,내야수,박승욱,롯데,2루수,77,44,447 1/3,8,0,104,165,38,0.971,0,0
2023,내야수,한동희,롯데,3루수,77,72,574,9,0,43,96,7,0.939,0,0
2023,내야수,채은성,한화,1루수,76,68,603 1/3,4,0,540,30,40,0.993,0,0
2023,내야수,김휘집,키움,유격수,74,64,578,14,0,102,157,40,0.949,0,0
2023,내야수,윤형준,NC,1루수,74,57,476,4,0,431,35,44,0.991,0,0
2023,내야수,김성현,SSG,2루수,69,44,426,6,0,122,144,42,0.978,0,0
2023,내야수,이유찬,두산,2루수,67,41,394,12,0,107,123,27,0.950,0,0
2023,내야수,오영수,NC,1루수,66,61,482,8,0,417,25,35,0.982,0,0
2023,내야수,정훈,롯데,1루수,66,47,410 1/3,5,0,344,23,30,0.987,0,0
2023,내야수,이호연,KT,2루수,64,52,370 1/3,8,0,80,125,19,0.962,0,0
2023,내야수,고승민,롯데,1루수,62,54,449 2/3,2,0,390,37,32,0.995,0,0
2023,내야수,도태훈,NC,1루수,59,23,287,1,0,260,19,28,0.996,0,0
2023,내야수,강한울,삼성,3루수,58,48,415 2/3,6,0,34,77,9,0.949,0,0
2023,내야수,김인환,한화,1루수,58,48,420 1/3,5,0,357,30,29,0.987,0,0
2023,내야수,도태훈,NC,3루수,56,36,347 2/3,3,0,26,62,7,0.967,0,0
2023,내야수,변우혁,KIA,1루수,55,44,358,5,0,311,24,42,0.985,0,0
2023,내야수,황대인,KIA,1루수,55,50,389 1/3,3,0,355,33,34,0.992,0,0
2023,내야수,문현빈,한화,2루수,54,42,358,5,0,77,102,17,0.973,0,0
2023,내야수,이학주,롯데,3루수,53,13,162 2/3,3,0,16,35,4,0.944,0,0
2023,내야수,이학주,롯데,유격수,53,16,178 1/3,5,0,30,56,11,0.945,0,0
2023,내야수,오윤석,KT,1루수,52,34,308 2/3,0,0,276,32,28,1.000,0,0
2023,내야수,러셀,키움,유격수,51,49,407 2/3,3,0,68,113,24,0.984,0,0
2023,내야수,김규성,KIA,2루수,48,21,208 1/3,6,0,42,54,9,0.941,0,0
2023,내야수,박계범,두산,유격수,48,27,267 1/3,8,0,38,75,9,0.934,0,0
2023,내야수,최주환,SSG,1루수,47,34,293,2,0,265,27,30,0.993,0,0
2023,내야수,이원석,키움,1루수,47,41,351 1/3,7,0,322,30,31,0.981,0,0
2023,내야수,정주현,LG,1루수,47,1,100,1,0,86,10,12,0.990,0,0
2023,내야수,김도영,KIA,3루수,81,81,695 1/3,11,0,68,140,16,0.950,0,0
2023,내야수,오태곤,SSG,1루수,80,40,433 2/3,2,0,413,37,59,0.996,0,0
2023,내야수,최주환,SSG,2루수,78,69,540 2/3,7,0,131,168,55,0.977,0,0
2023,내야수,박승욱,롯데,2루수,77,44,447 1/3,8,0,104,165,38,0.971,0,0
2023,내야수,한동희,롯데,3루수,77,72,574,9,0,43,96,7,0.939,0,0
2023,내야수,채은성,한화,1루수,76,68,603 1/3,4,0,540,30,40,0.993,0,0
2023,내야수,김휘집,키움,유격수,74,64,578,14,0,102,157,40,0.949,0,0
2023,내야수,윤형준,NC,1루수,74,57,476,4,0,431,35,44,0.991,0,0
2023,내야수,김성현,SSG,2루수,69,44,426,6,0,122,144,42,0.978,0,0
2023,내야수,이유찬,두산,2루수,67,41,394,12,0,107,123,27,0.950,0,0
2023,내야수,오영수,NC,1루수,66,61,482,8,0,417,25,35,0.982,0,0
2023,내야수,정훈,롯데,1루수,66,47,410 1/3,5,0,344,23,30,0.987,0,0
2023,내야수,이호연,KT,2루수,64,52,370 1/3,8,0,80,125,19,0.962,0,0
2023,내야수,고승민,롯데,1루수,62,54,449 2/3,2,0,390,37,32,0.995,0,0
2023,내야수,도태훈,NC,1루수,59,23,287,1,0,260,19,28,0.996,0,0
2023,내야수,강한울,삼성,3루수,58,48,415 2/3,6,0,34,77,9,0.949,0,0
2023,내야수,김인환,한화,1루수,58,48,420 1/3,5,0,357,30,29,0.987,0,0
2023,내야수,도태훈,NC,3루수,56,36,347 2/3,3,0,26,62,7,0.967,0,0
2023,내야수,변우혁,KIA,1루수,55,44,358,5,0,311,24,42,0.985,0,0
2023,내야수,황대인,KIA,1루수,55,50,389 1/3,3,0,355,33,34,0.992,0,0
2023,내야수,문현빈,한화,2루수,54,42,358,5,0,77,102,17,0.973,0,0
2023,내야수,이학주,롯데,3루수,53,13,162 2/3,3,0,16,35,4,0.944,0,0
2023,내야수,이학주,롯데,유격수,53,16,178 1/3,5,0,30,56,11,0.945,0,0
2023,내야수,오윤석,KT,1루수,52,34,308 2/3,0,0,276,32,28,1.000,0,0
2023,내야수,러셀,키움,유격수,51,49,407 2/3,3,0,68,113,24,0.984,0,0
2023,내야수,김규성,KIA,2루수,48,21,208 1/3,6,0,42,54,9,0.941,0,0
2023,내야수,박계범,두산,유격수,48,27,267 1/3,8,0,38,75,9,0.934,0,0
2023,내야수,최주환,SSG,1루수,47,34,293,2,0,265,27,30,0.993,0,0
2023,내야수,이원석,키움,1루수,47,41,351 1/3,7,0,322,30,31,0.981,0,0
2023,내야수,정주현,LG,1루수,47,1,100,1,0,86,10,12,0.990,0,0
2023,내야수,김한별,NC,유격수,47,22,232 1/3,3,0,24,74,14,0.970,0,0
2023,내야수,안상현,SSG,2루수,45,14,169,2,0,38,54,15,0.979,0,0
2023,내야수,전의산,SSG,1루수,45,37,296,4,0,268,20,27,0.986,0,0
2023,내야수,김민성,LG,2루수,45,37,280,1,0,68,79,17,0.993,0,0
2023,내야수,김휘집,키움,3루수,43,35,295 1/3,4,0,19,56,3,0.949,0,0
2023,내야수,임지열,키움,1루수,43,30,278 2/3,6,0,254,21,22,0.979,0,0
2023,내야수,장준원,KT,유격수,43,14,167 1/3,2,0,32,52,13,0.977,0,0
2023,내야수,강승호,두산,1루수,42,24,240 1/3,3,0,209,17,16,0.987,0,0
2023,내야수,오선진,한화,유격수,40,25,219 2/3,2,0,32,52,13,0.977,0,0
2023,내야수,김수환,키움,1루수,39,24,214 2/3,0,0,194,9,15,1.000,0,0
2023,내야수,최원준,KIA,1루수,39,35,321,7,0,289,15,24,0.977,0,0
2023,내야수,박승욱,롯데,3루수,39,22,190 2/3,2,0,8,29,1,0.949,0,0
2023,내야수,김영웅,삼성,3루수,38,20,215 1/3,5,0,11,40,1,0.911,0,0
2023,내야수,구드럼,롯데,3루수,38,29,274,8,0,21,51,4,0.900,0,0
2023,내야수,김태진,키움,3루수,37,28,233,6,0,28,38,4,0.917,0,0
2023,내야수,최정용,KIA,2루수,37,4,85 1/3,1,0,13,34,7,0.979,0,0
2023,내야수,김동진,삼성,2루수,37,23,236,4,0,55,87,22,0.973,0,0
2023,내야수,김주형,키움,유격수,35,20,206 1/3,2,0,19,65,4,0.977,0,0
2023,내야수,서건창,LG,2루수,35,25,237,9,0,53,61,14,0.927,0,0
2023,내야수,안치홍,롯데,1루수,34,22,211,2,0,201,11,18,0.991,0,0
2023,내야수,김규성,KIA,유격수,33,20,187 1/3,2,0,45,63,22,0.982,0,0
2023,내야수,김호재,삼성,3루수,33,17,157 2/3,0,0,11,31,1,1.000,0,0
2023,내야수,전병우,키움,1루수,32,11,143,2,0,144,7,16,0.987,0,0
2023,내야수,김태연,한화,1루수,32,23,191,1,0,189,12,18,0.995,0,0
2023,내야수,박정현,한화,유격수,32,20,186,7,0,37,47,11,0.923,0,0
2023,내야수,강진성,SSG,1루수,31,27,221 1/3,1,0,221,15,24,0.996,0,0
2023,내야수,이상호,KT,2루수,31,6,93,1,0,16,22,4,0.974,0,0
2023,내야수,류지혁,삼성,1루수,31,22,194,0,0,173,11,20,1.000,0,0
2023,내야수,서호철,NC,2루수,30,23,190 2/3,4,0,44,64,19,0.964,0,0
2023,내야수,이유찬,두산,유격수,30,21,181 1/3,4,0,34,54,9,0.957,0,0
2023,내야수,오선진,한화,3루수,30,13,127,2,0,12,24,2,0.947,0,0
2023,내야수,오선우,KIA,1루수,29,4,82 2/3,1,0,89,3,10,0.989,0,0
2023,내야수,김한별,NC,2루수,29,1,49 2/3,1,0,6,13,0,0.950,0,0
2023,내야수,박준영,두산,3루수,29,19,178 2/3,2,0,17,32,2,0.961,0,0
2023,내야수,오윤석,KT,2루수,28,23,176,2,0,33,60,8,0.979,0,0
2023,내야수,김민성,LG,3루수,27,14,135,1,0,14,27,4,0.976,0,0
2023,내야수,김민성,LG,1루수,27,10,105 2/3,2,0,85,10,9,0.979,0,0
2023,내야수,문상철,KT,1루수,27,13,131,1,0,120,9,10,0.992,0,0
2023,내야수,김성현,SSG,3루수,26,21,185 2/3,4,0,14,32,7,0.920,0,0
2023,내야수,김성현,SSG,유격수,26,19,179,4,0,40,53,16,0.959,0,0
2023,내야수,송성문,키움,1루수,26,18,145 2/3,2,0,134,12,12,0.986,0,0
2023,내야수,장준원,KT,3루수,26,12,109 1/3,0,0,5,17,1,1.000,0,0
2023,내야수,김찬형,SSG,3루수,25,6,100,3,0,5,14,3,0.864,0,0
2023,내야수,김태진,키움,2루수,24,13,139 1/3,1,0,41,46,13,0.989,0,0
2023,내야수,최준우,SSG,2루수,23,13,99,0,0,26,34,9,1.000,0,0
2023,내야수,박석민,NC,3루수,23,21,156,2,0,11,22,4,0.943,0,0
2023,내야수,하주석,한화,유격수,23,4,84,2,0,11,23,3,0.944,0,0
2023,내야수,박승욱,롯데,유격수,22,15,134,1,0,25,47,11,0.986,0,0
2023,내야수,한동희,롯데,1루수,22,10,107 2/3,3,0,99,5,11,0.972,0,0
2023,내야수,김민성,LG,유격수,21,18,145,4,0,34,40,9,0.949,0,0
2023,내야수,변우혁,KIA,3루수,20,12,104 2/3,4,0,6,18,3,0.857,0,0
2023,내야수,김호재,삼성,1루수,20,9,86,2,0,70,9,5,0.975,0,0
2023,내야수,김호재,삼성,2루수,20,9,84,0,0,25,22,6,1.000,0,0
2023,내야수,이성규,삼성,1루수,20,8,77 2/3,0,0,68,3,4,1.000,0,0
2023,내야수,박계범,두산,2루수,20,14,125,1,0,33,39,9,0.986,0,0
2023,내야수,박준영,두산,유격수,20,13,114 1/3,2,0,21,44,8,0.970,0,0
2023,내야수,신본기,KT,유격수,19,6,70 1/3,2,0,11,19,6,0.938,0,0
2023,내야수,이원석,키움,3루수,18,16,131 2/3,3,0,13,18,3,0.912,0,0
2023,내야수,정주현,LG,2루수,18,4,57,4,0,12,16,6,0.875,0,0
2023,내야수,류지혁,삼성,2루수,18,13,108,0,0,24,36,8,1.000,0,0
2023,내야수,안주형,삼성,2루수,18,12,113 1/3,2,0,35,38,9,0.973,0,0
2023,내야수,정대선,롯데,2루수,18,11,101,0,0,14,26,6,1.000,0,0
2023,내야수,신본기,KT,2루수,17,6,71 2/3,0,0,20,28,5,1.000,0,0
2023,내야수,이상호,KT,1루수,17,0,29 1/3,0,0,22,2,1,1.000,0,0
2023,내야수,김규성,KIA,1루수,17,5,61 2/3,0,0,62,3,5,1.000,0,0
2023,내야수,도태훈,NC,2루수,17,7,79 1/3,0,0,26,20,6,1.000,0,0
2023,내야수,정주현,LG,3루수,16,3,58 2/3,4,0,5,12,2,0.810,0,0
2023,내야수,이도윤,한화,2루수,15,2,57,0,0,14,22,2,1.000,0,0
2023,내야수,신준우,키움,유격수,14,4,37,2,0,9,13,3,0.917,0,0
2023,내야수,김영웅,삼성,유격수,14,1,36,1,0,8,13,1,0.955,0,0
2023,내야수,구드럼,롯데,유격수,14,13,90,4,0,13,26,3,0.907,0,0
2023,내야수,김웅빈,키움,1루수,13,9,73 2/3,2,0,68,6,5,0.974,0,0
2023,내야수,손호영,LG,유격수,13,7,66 2/3,4,0,19,18,8,0.902,0,0
2023,내야수,신본기,KT,3루수,13,7,56 2/3,1,0,11,5,1,0.941,0,0
2023,내야수,홍종표,KIA,2루수,13,1,25,0,0,2,7,1,1.000,0,0
2023,내야수,안주형,삼성,유격수,13,2,25 2/3,0,0,5,2,0,1.000,0,0
2023,내야수,안재석,두산,유격수,13,10,88,1,0,19,33,7,0.981,0,0
2023,내야수,최경모,SSG,3루수,12,3,48,3,0,4,8,1,0.800,0,0
2023,내야수,이호연,KT,3루수,12,6,60,1,0,3,12,1,0.938,0,0
2023,내야수,김민혁,두산,1루수,12,5,56,1,0,52,4,3,0.982,0,0
2023,내야수,박지훈,두산,1루수,12,3,41 2/3,0,0,36,1,3,1.000,0,0
2023,내야수,박정현,한화,3루수,12,6,53,2,0,9,5,0,0.875,0,0
2023,내야수,정주현,LG,유격수,11,4,47,1,0,10,9,1,0.950,0,0
2023,내야수,이상호,KT,3루수,11,4,46 1/3,0,0,6,10,0,1.000,0,0
2023,내야수,최정원,NC,2루수,11,5,62,0,0,11,23,1,1.000,0,0
2023,내야수,강한울,삼성,2루수,11,7,63 2/3,1,0,12,20,5,0.970,0,0
2023,내야수,김정율,롯데,3루수,11,8,69,2,0,5,12,2,0.895,0,0
2023,내야수,최경모,SSG,2루수,10,1,21,2,0,9,7,4,0.889,0,0
2023,내야수,김현수,LG,1루수,10,10,68 1/3,2,0,53,11,5,0.970,0,0
2023,내야수,강민성,KT,3루수,10,7,57,2,0,4,14,0,0.900,0,0
2023,외야수,최상민,SSG,중견수,14,3,56 2/3,0,0,23,0,0,1.000,0,0
2023,외야수,박수종,키움,우익수,14,11,102 2/3,0,0,35,1,0,1.000,0,0
2023,외야수,정준영,KT,좌익수,14,2,31,0,0,11,1,0,1.000,0,0
2023,외야수,윤동희,롯데,중견수,14,8,69 1/3,1,0,22,0,0,0.957,0,0
2023,외야수,황성빈,롯데,중견수,14,9,68 2/3,0,0,21,0,0,1.000,0,0
2023,외야수,송승환,두산,좌익수,14,12,97,0,0,31,1,0,1.000,0,0
2023,외야수,유로결,한화,우익수,14,8,80,0,0,12,1,0,1.000,0,0
2023,외야수,에레디아,SSG,중견수,13,11,94 1/3,0,0,21,1,0,1.000,0,0
2023,외야수,박정우,KIA,우익수,13,1,28 1/3,0,0,6,0,0,1.000,0,0
2023,외야수,김태근,두산,좌익수,13,2,36,3,0,6,0,0,0.667,0,0
2023,외야수,오태곤,SSG,중견수,12,7,56 1/3,1,0,16,0,0,0.941,0,0
2023,외야수,최승민,LG,중견수,12,1,35,0,0,13,0,0,1.000,0,0
2023,외야수,홍창기,LG,중견수,12,6,53 2/3,0,0,14,0,0,1.000,0,0
2023,외야수,최정원,NC,중견수,12,4,43 1/3,0,0,10,0,0,1.000,0,0
2023,외야수,이원석,한화,우익수,12,2,42 1/3,0,0,8,0,0,1.000,0,0
2023,외야수,한유섬,SSG,좌익수,11,8,69,1,0,16,0,0,0.941,0,0
2023,외야수,정준영,KT,중견수,11,2,53 2/3,1,0,20,0,0,0.952,0,0
2023,외야수,정준영,KT,우익수,11,3,44,0,0,10,1,0,1.000,0,0
2023,외야수,조용호,KT,좌익수,11,2,31,0,0,5,1,1,1.000,0,0
2023,외야수,이정훈,롯데,좌익수,11,9,63,1,0,18,0,0,0.947,0,0
2023,외야수,박주홍,키움,좌익수,10,7,51,0,0,10,0,0,1.000,0,0
2023,외야수,신민재,LG,좌익수,10,0,19 2/3,0,0,4,0,0,1.000,0,0
2023,외야수,안치영,KT,좌익수,10,0,14 2/3,0,0,4,0,0,1.000,0,0
2023,외야수,홍현빈,KT,좌익수,10,0,16 1/3,0,0,6,0,0,1.000,0,0
2023,외야수,김인태,두산,좌익수,10,6,58,0,0,17,0,0,1.000,0,0
2023,외야수,홍성호,두산,우익수,10,7,61,1,0,9,0,0,0.900,0,0
2023,외야수,이주형,키움,우익수,9,6,61,0,0,16,0,0,1.000,0,0
2023,외야수,손아섭,NC,좌익수,9,9,66 1/3,0,0,16,0,0,1.000,0,0
2023,외야수,한석현,NC,중견수,9,7,68 2/3,2,0,24,0,0,0.923,0,0
2023,외야수,김동혁,롯데,우익수,9,2,18,0,0,4,0,0,1.000,0,0
2023,외야수,이우성,KIA,좌익수,59,39,363 2/3,1,0,75,0,0,0.987,0,0
2023,외야수,김재환,두산,좌익수,58,55,440,1,0,114,3,0,0.992,0,0
2023,외야수,안치영,KT,우익수,57,31,300,2,0,53,2,0,0.965,0,0
2023,외야수,문성주,LG,우익수,56,43,386 2/3,2,0,97,4,0,0.981,0,0
2023,외야수,소크라테스,KIA,우익수,54,22,261,3,0,63,1,0,0.955,0,0
2023,외야수,나성범,KIA,우익수,50,49,410 2/3,1,0,88,4,0,0.989,0,0
2023,외야수,조용호,KT,우익수,49,37,312,1,0,56,2,0,0.983,0,0
2023,외야수,손아섭,NC,우익수,49,43,343 1/3,2,0,73,1,1,0.974,0,0
2023,외야수,조수행,두산,좌익수,48,3,113 2/3,0,0,33,0,0,1.000,0,0
2023,외야수,김민혁,KT,좌익수,46,28,275 2/3,1,0,68,1,0,0.986,0,0
2023,외야수,김민혁,KT,우익수,46,42,288,2,0,64,0,0,0.970,0,0
2023,외야수,고종욱,KIA,좌익수,45,35,248 1/3,2,0,54,3,0,0.966,0,0
2023,외야수,김성욱,NC,우익수,45,5,119 2/3,0,0,23,1,1,1.000,0,0
2023,외야수,김준완,키움,좌익수,44,31,281 1/3,0,0,69,1,0,1.000,0,0
2023,외야수,전준우,롯데,좌익수,44,40,309 1/3,1,0,74,2,0,0.987,0,0
2023,외야수,송민섭,KT,우익수,42,1,83,0,0,27,0,0,1.000,0,0
2023,외야수,하재훈,SSG,좌익수,41,24,253,1,0,63,3,0,0.985,0,0
2023,외야수,이성규,삼성,우익수,41,3,104 2/3,2,0,22,2,0,0.923,0,0
2023,외야수,김성윤,삼성,우익수,39,33,274 2/3,2,0,65,2,1,0.971,0,0
2023,외야수,천재환,NC,중견수,37,27,259 2/3,0,0,72,2,0,1.000,0,0
2023,외야수,윌리엄스,한화,좌익수,37,36,303,1,0,70,2,0,0.986,0,0
2023,외야수,최인호,한화,좌익수,37,35,271 1/3,1,0,76,0,0,0.987,0,0
2023,외야수,이재원,LG,좌익수,36,25,180 1/3,1,0,50,2,0,0.981,0,0
2023,외야수,조수행,두산,중견수,35,12,150 2/3,0,0,54,0,0,1.000,0,0
2023,외야수,양찬열,두산,우익수,34,22,212 2/3,0,0,50,3,2,1.000,0,0
2023,외야수,김강민,SSG,중견수,33,22,202 1/3,0,0,57,3,1,1.000,0,0
2023,외야수,이용규,키움,좌익수,33,28,244 2/3,0,0,49,0,0,1.000,0,0
2023,외야수,소크라테스,KIA,좌익수,33,12,118 2/3,2,0,33,0,0,0.943,0,0
2023,외야수,김성윤,삼성,좌익수,33,10,132 1/3,0,0,37,1,1,1.000,0,0
2023,외야수,이성규,삼성,중견수,33,25,218 2/3,1,0,68,1,0,0.986,0,0
2023,외야수,김성욱,NC,좌익수,31,19,167 2/3,0,0,37,0,0,1.000,0,0
2023,외야수,로하스,두산,우익수,31,30,230,2,0,47,1,0,0.960,0,0
2023,외야수,이진영,한화,중견수,31,27,195 1/3,0,0,54,2,1,1.000,0,0
2023,외야수,김민혁,KT,중견수,30,28,204,1,0,58,0,0,0.983,0,0
2023,외야수,천재환,NC,우익수,30,4,85 1/3,0,0,14,1,0,1.000,0,0
2023,외야수,고승민,롯데,우익수,30,15,141 2/3,0,0,24,0,0,1.000,0,0
2023,외야수,안권수,롯데,중견수,30,18,143 2/3,0,0,48,1,0,1.000,0,0
2023,외야수,김대한,두산,우익수,30,21,183,3,0,33,1,1,0.919,0,0
2023,외야수,김태연,한화,우익수,30,26,188 2/3,1,0,45,2,1,0.979,0,0
2023,외야수,마틴,NC,좌익수,29,26,232 1/3,1,0,53,1,1,0.982,0,0
2023,외야수,장진혁,한화,중견수,29,17,155 2/3,0,0,36,0,0,1.000,0,0
2023,외야수,하재훈,SSG,우익수,28,23,208,1,0,44,2,0,0.979,0,0
2023,외야수,김성윤,삼성,중견수,28,12,141,0,0,45,0,0,1.000,0,0
2023,외야수,박찬혁,키움,좌익수,27,24,203,1,0,50,1,0,0.981,0,0
2023,외야수,임병욱,키움,우익수,27,20,180,1,0,45,0,0,0.978,0,0
2023,외야수,김현수,LG,좌익수,27,26,204 2/3,0,0,45,1,0,1.000,0,0
2023,외야수,홍창기,LG,좌익수,27,27,228,0,0,64,0,0,1.000,0,0
2023,외야수,홍현빈,KT,중견수,27,16,151 2/3,0,0,47,1,0,1.000,0,0
2023,외야수,안권수,롯데,우익수,27,18,157,0,0,46,1,1,1.000,0,0
2023,외야수,권광민,한화,좌익수,27,6,97 2/3,0,0,20,0,0,1.000,0,0
2023,외야수,장진혁,한화,좌익수,27,17,153 2/3,1,0,32,1,0,0.971,0,0
2023,외야수,도슨,키움,중견수,26,26,230 2/3,2,0,57,0,0,0.966,0,0
2023,외야수,김성욱,NC,중견수,26,17,154 1/3,0,0,38,0,0,1.000,0,0
2023,외야수,추신수,SSG,우익수,25,24,187 1/3,0,0,42,1,0,1.000,0,0
2023,외야수,이주형,키움,중견수,25,24,207,0,0,75,0,0,1.000,0,0
2023,외야수,오태곤,SSG,우익수,23,14,124,2,0,26,2,0,0.933,0,0
2023,외야수,최상민,SSG,우익수,23,2,46 2/3,0,0,13,0,0,1.000,0,0
2023,외야수,김준완,키움,우익수,23,12,116 2/3,0,0,25,1,0,1.000,0,0
2023,외야수,임병욱,키움,좌익수,23,15,150,1,0,29,1,0,0.968,0,0
2023,외야수,강백호,KT,우익수,23,20,159,1,0,33,1,0,0.971,0,0
2023,외야수,렉스,롯데,우익수,23,23,189 1/3,2,0,31,0,0,0.939,0,0
2023,외야수,노수광,한화,좌익수,23,15,142,0,0,27,0,0,1.000,0,0
2023,외야수,채은성,한화,우익수,23,22,171 1/3,1,0,34,2,0,0.973,0,0
2023,외야수,도슨,키움,좌익수,22,19,159 2/3,2,0,45,0,0,0.957,0,0
2023,외야수,구자욱,삼성,좌익수,22,22,182,0,0,53,2,0,1.000,0,0
2023,외야수,임지열,키움,좌익수,21,10,101,0,0,26,2,0,1.000,0,0
2023,외야수,최원준,KIA,중견수,21,13,125,1,0,46,0,0,0.979,0,0
2023,외야수,윌리엄스,한화,우익수,21,21,159,2,0,33,1,1,0.944,0,0
2023,외야수,이진영,한화,좌익수,21,15,140 1/3,1,0,34,0,0,0.971,0,0
2023,외야수,한석현,NC,좌익수,20,6,77,0,0,20,0,0,1.000,0,0
2023,외야수,김인태,두산,우익수,20,15,126,1,0,28,0,0,0.966,0,0
2023,외야수,최지훈,SSG,우익수,19,9,87,0,0,23,2,0,1.000,0,0
2023,외야수,피렐라,삼성,우익수,19,19,141,1,0,32,0,0,0.970,0,0
2023,외야수,김태근,두산,우익수,19,8,103 1/3,0,0,21,2,0,1.000,0,0
2023,외야수,임병욱,키움,중견수,18,13,124,1,0,40,1,0,0.976,0,0
2023,외야수,류승민,삼성,우익수,18,16,120 1/3,1,0,22,0,0,0.957,0,0
2023,외야수,렉스,롯데,좌익수,18,17,134,0,0,30,1,1,1.000,0,0
2023,외야수,주성원,키움,우익수,17,16,115,1,0,27,2,0,0.967,0,0
2023,외야수,송민섭,KT,중견수,17,0,37 2/3,0,0,14,0,0,1.000,0,0
2023,외야수,신윤후,롯데,좌익수,17,5,60,2,0,13,0,0,0.867,0,0
2023,외야수,권광민,한화,중견수,17,4,59,2,0,16,0,0,0.889,0,0
2023,외야수,장진혁,한화,우익수,17,6,79,0,0,17,0,0,1.000,0,0
2023,외야수,이창진,KIA,우익수,16,13,96 1/3,0,0,18,3,1,1.000,0,0
2023,외야수,이시원,KT,우익수,15,5,59,0,0,21,0,0,1.000,0,0
2023,외야수,최형우,KIA,좌익수,15,14,107,1,0,18,0,0,0.947,0,0
2023,외야수,박영빈,NC,중견수,15,0,25,0,0,8,0,0,1.000,0,0
2023,외야수,천재환,NC,좌익수,15,2,46,0,0,15,0,0,1.000,0,0
2023,외야수,장두성,롯데,중견수,15,1,43,0,0,10,0,0,1.000,0,0
2023,외야수,오그레디,한화,좌익수,15,15,126 2/3,0,0,36,1,0,1.000,0,0
2023,외야수,오태곤,SSG,좌익수,14,6,62,1,0,13,0,0,0.929,0,0
2023,외야수,최상민,SSG,중견수,14,3,56 2/3,0,0,23,0,0,1.000,0,0
2023,외야수,박수종,키움,우익수,14,11,102 2/3,0,0,35,1,0,1.000,0,0
2023,외야수,정준영,KT,좌익수,14,2,31,0,0,11,1,0,1.000,0,0
2023,외야수,윤동희,롯데,중견수,14,8,69 1/3,1,0,22,0,0,0.957,0,0
2023,외야수,황성빈,롯데,중견수,14,9,68 2/3,0,0,21,0,0,1.000,0,0
2023,외야수,송승환,두산,좌익수,14,12,97,0,0,31,1,0,1.000,0,0
2023,외야수,유로결,한화,우익수,14,8,80,0,0,12,1,0,1.000,0,0
2023,외야수,에레디아,SSG,중견수,13,11,94 1/3,0,0,21,1,0,1.000,0,0
2023,외야수,박정우,KIA,우익수,13,1,28 1/3,0,0,6,0,0,1.000,0,0
2023,외야수,김태근,두산,좌익수,13,2,36,3,0,6,0,0,0.667,0,0
2023,외야수,오태곤,SSG,중견수,12,7,56 1/3,1,0,16,0,0,0.941,0,0
2023,외야수,최승민,LG,중견수,12,1,35,0,0,13,0,0,1.000,0,0
2023,외야수,홍창기,LG,중견수,12,6,53 2/3,0,0,14,0,0,1.000,0,0
2023,외야수,최정원,NC,중견수,12,4,43 1/3,0,0,10,0,0,1.000,0,0
2023,외야수,이원석,한화,우익수,12,2,42 1/3,0,0,8,0,0,1.000,0,0
2023,외야수,한유섬,SSG,좌익수,11,8,69,1,0,16,0,0,0.941,0,0
2023,외야수,정준영,KT,중견수,11,2,53 2/3,1,0,20,0,0,0.952,0,0
2023,외야수,정준영,KT,우익수,11,3,44,0,0,10,1,0,1.000,0,0
2023,외야수,조용호,KT,좌익수,11,2,31,0,0,5,1,1,1.000,0,0
2023,외야수,이정훈,롯데,좌익수,11,9,63,1,0,18,0,0,0.947,0,0
2023,외야수,박주홍,키움,좌익수,10,7,51,0,0,10,0,0,1.000,0,0
2023,외야수,신민재,LG,좌익수,10,0,19 2/3,0,0,4,0,0,1.000,0,0
2023,외야수,안치영,KT,좌익수,10,0,14 2/3,0,0,4,0,0,1.000,0,0
2023,외야수,홍현빈,KT,좌익수,10,0,16 1/3,0,0,6,0,0,1.000,0,0
2023,외야수,김인태,두산,좌익수,10,6,58,0,0,17,0,0,1.000,0,0
2023,외야수,홍성호,두산,우익수,10,7,61,1,0,9,0,0,0.900,0,0
2023,외야수,이주형,키움,우익수,9,6,61,0,0,16,0,0,1.000,0,0
2023,외야수,손아섭,NC,좌익수,9,9,66 1/3,0,0,16,0,0,1.000,0,0
2023,외야수,한석현,NC,중견수,9,7,68 2/3,2,0,24,0,0,0.923,0,0
2023,외야수,김동혁,롯데,우익수,9,2,18,0,0,4,0,0,1.000,0,0
2024,포수,강태율,롯데,포수,10,3,28,1,0,29,1,0,0.968,0,4
2024,포수,안중열,NC,포수,9,4,45,0,0,39,3,1,1.000,0,2
2024,포수,장승현,두산,포수,9,7,58,0,0,57,2,0,1.000,0,3
2024,포수,장규현,한화,포수,9,0,16,1,0,8,1,0,0.900,0,1
2024,포수,김민수,삼성,포수,8,1,23,0,0,12,2,0,1.000,0,2
2024,포수,김재성,삼성,포수,7,2,29,0,0,20,3,0,1.000,1,5
2024,포수,김시앙,키움,포수,6,2,19 1/3,0,0,20,0,0,1.000,0,0
2024,포수,강승구,롯데,포수,5,0,7,0,0,6,0,0,1.000,0,0
2024,포수,김성우,LG,포수,4,2,16,0,0,7,1,0,1.000,0,1
2024,포수,박민준,두산,포수,4,1,10,0,0,10,0,0,1.000,1,0
2024,포수,박준형,키움,포수,4,2,12 1/3,0,0,7,0,1,1.000,1,2
2024,포수,이주헌,LG,포수,3,1,14,0,0,20,0,0,1.000,1,2
2024,포수,전준호,LG,포수,3,0,5,0,0,4,1,0,1.000,0,0
2024,포수,윤준호,두산,포수,3,0,9,0,0,5,0,0,1.000,0,0
2024,포수,장규빈,두산,포수,3,0,7,0,0,8,1,0,1.000,0,0
2024,포수,안승한,두산,포수,2,1,9 1/3,0,0,7,0,0,1.000,0,1
2024,포수,김동헌,키움,포수,2,2,14,1,0,10,0,0,0.909,0,6
2024,포수,신용석,NC,포수,1,0,3,0,0,4,0,0,1.000,0,0
2024,포수,류현준,두산,포수,1,0,3,0,0,3,1,0,1.000,0,0
2024,포수,이정훈,롯데,포수,1,0,1,0,0,1,0,1,1.000,0,0
2024,포수,김도환,삼성,포수,1,1,6,0,0,5,0,0,1.000,0,2
2024,내야수,김영웅,삼성,3루수,87,76,639 1/3,10,0,62,115,6,0.947,0,0
2024,내야수,황영묵,한화,2루수,82,54,518,8,0,143,174,43,0.975,0,0
2024,내야수,손호영,롯데,3루수,80,73,640 2/3,13,0,58,116,12,0.930,0,0
2024,내야수,김상수,KT,유격수,78,71,581 2/3,10,0,120,151,31,0.964,0,0
2024,내야수,채은성,한화,1루수,75,73,601 1/3,7,0,548,23,61,0.988,0,0
2024,내야수,류지혁,삼성,2루수,74,62,461,5,0,104,114,22,0.978,0,0
2024,내야수,안주형,삼성,2루수,73,34,360 1/3,3,0,76,111,22,0.984,0,0
2024,내야수,김휘집,NC,유격수,68,62,501,9,0,80,146,32,0.962,0,0
2024,내야수,오재일,KT,1루수,67,54,491,3,0,416,27,35,0.993,0,0
2024,내야수,홍종표,KIA,2루수,65,4,167,2,0,36,61,17,0.980,0,0
2024,내야수,고영우,키움,3루수,65,52,442 2/3,10,0,37,81,8,0.922,0,0
2024,내야수,오윤석,KT,2루수,64,47,422,2,0,76,140,26,0.991,0,0
2024,내야수,전민재,두산,유격수,64,43,395,4,0,74,102,20,0.978,0,0
2024,내야수,박병호,삼성,1루수,63,52,476,4,0,412,43,37,0.991,0,0
2024,내야수,김휘집,NC,3루수,61,48,434 2/3,7,0,37,84,9,0.945,0,0
2024,내야수,구본혁,LG,3루수,57,21,247,3,0,21,55,8,0.962,0,0
2024,내야수,정준재,SSG,2루수,57,47,384 2/3,3,0,82,139,26,0.987,0,0
2024,내야수,도태훈,NC,1루수,57,17,215 2/3,1,0,172,20,15,0.995,0,0
2024,내야수,박준영,두산,유격수,57,50,434 2/3,4,0,83,135,34,0.982,0,0
2024,내야수,김태진,키움,유격수,57,33,346,3,0,64,104,21,0.982,0,0
2024,내야수,천성호,KT,2루수,55,49,403 1/3,4,0,73,116,27,0.979,0,0
2024,내야수,구본혁,LG,유격수,54,43,368,5,0,59,97,20,0.969,0,0
2024,내야수,박지환,SSG,2루수,54,46,406 2/3,7,0,113,129,40,0.972,0,0
2024,내야수,심우준,KT,유격수,53,49,431 2/3,8,0,93,126,28,0.965,0,0
2024,내야수,변우혁,KIA,1루수,53,38,314,2,0,277,11,30,0.993,0,0
2024,내야수,문현빈,한화,2루수,53,38,337,1,0,68,113,29,0.995,0,0
2024,내야수,문보경,LG,1루수,52,12,180,3,0,146,16,14,0.982,0,0
2024,내야수,김재호,두산,유격수,52,38,326,7,0,65,76,20,0.953,0,0
2024,내야수,서건창,KIA,1루수,51,25,276 2/3,4,0,241,30,22,0.985,0,0
2024,내야수,신본기,KT,유격수,50,22,220 2/3,4,0,38,71,19,0.965,0,0
2024,내야수,김영웅,삼성,3루수,87,76,639 1/3,10,0,62,115,6,0.947,0,0
2024,내야수,황영묵,한화,2루수,82,54,518,8,0,143,174,43,0.975,0,0
2024,내야수,손호영,롯데,3루수,80,73,640 2/3,13,0,58,116,12,0.930,0,0
2024,내야수,김상수,KT,유격수,78,71,581 2/3,10,0,120,151,31,0.964,0,0
2024,내야수,채은성,한화,1루수,75,73,601 1/3,7,0,548,23,61,0.988,0,0
2024,내야수,류지혁,삼성,2루수,74,62,461,5,0,104,114,22,0.978,0,0
2024,내야수,안주형,삼성,2루수,73,34,360 1/3,3,0,76,111,22,0.984,0,0
2024,내야수,김휘집,NC,유격수,68,62,501,9,0,80,146,32,0.962,0,0
2024,내야수,오재일,KT,1루수,67,54,491,3,0,416,27,35,0.993,0,0
2024,내야수,홍종표,KIA,2루수,65,4,167,2,0,36,61,17,0.980,0,0
2024,내야수,고영우,키움,3루수,65,52,442 2/3,10,0,37,81,8,0.922,0,0
2024,내야수,오윤석,KT,2루수,64,47,422,2,0,76,140,26,0.991,0,0
2024,내야수,전민재,두산,유격수,64,43,395,4,0,74,102,20,0.978,0,0
2024,내야수,박병호,삼성,1루수,63,52,476,4,0,412,43,37,0.991,0,0
2024,내야수,김휘집,NC,3루수,61,48,434 2/3,7,0,37,84,9,0.945,0,0
2024,내야수,구본혁,LG,3루수,57,21,247,3,0,21,55,8,0.962,0,0
2024,내야수,정준재,SSG,2루수,57,47,384 2/3,3,0,82,139,26,0.987,0,0
2024,내야수,도태훈,NC,1루수,57,17,215 2/3,1,0,172,20,15,0.995,0,0
2024,내야수,박준영,두산,유격수,57,50,434 2/3,4,0,83,135,34,0.982,0,0
2024,내야수,김태진,키움,유격수,57,33,346,3,0,64,104,21,0.982,0,0
2024,내야수,천성호,KT,2루수,55,49,403 1/3,4,0,73,116,27,0.979,0,0
2024,내야수,구본혁,LG,유격수,54,43,368,5,0,59,97,20,0.969,0,0
2024,내야수,박지환,SSG,2루수,54,46,406 2/3,7,0,113,129,40,0.972,0,0
2024,내야수,심우준,KT,유격수,53,49,431 2/3,8,0,93,126,28,0.965,0,0
2024,내야수,변우혁,KIA,1루수,53,38,314,2,0,277,11,30,0.993,0,0
2024,내야수,문현빈,한화,2루수,53,38,337,1,0,68,113,29,0.995,0,0
2024,내야수,문보경,LG,1루수,52,12,180,3,0,146,16,14,0.982,0,0
2024,내야수,김재호,두산,유격수,52,38,326,7,0,65,76,20,0.953,0,0
2024,내야수,서건창,KIA,1루수,51,25,276 2/3,4,0,241,30,22,0.985,0,0
2024,내야수,신본기,KT,유격수,50,22,220 2/3,4,0,38,71,19,0.965,0,0
2024,내야수,맥키넌,삼성,1루수,50,49,423 1/3,4,0,336,33,20,0.989,0,0
2024,내야수,김태연,한화,1루수,49,30,306 1/3,5,0,253,26,19,0.982,0,0
2024,내야수,전병우,삼성,3루수,48,30,267 1/3,2,0,31,48,10,0.975,0,0
2024,내야수,황영묵,한화,유격수,46,29,265,4,0,48,71,14,0.967,0,0
2024,내야수,구본혁,LG,2루수,43,29,268,2,0,65,93,23,0.988,0,0
2024,내야수,최항,롯데,2루수,43,21,216 1/3,1,0,45,84,19,0.992,0,0
2024,내야수,하주석,한화,유격수,42,26,221 2/3,3,0,43,74,17,0.975,0,0
2024,내야수,김성현,SSG,2루수,40,17,171 2/3,3,0,37,54,14,0.968,0,0
2024,내야수,이학주,롯데,유격수,40,25,238 1/3,2,0,38,67,15,0.981,0,0
2024,내야수,이유찬,두산,2루수,39,12,156 2/3,0,0,37,59,14,1.000,0,0
2024,내야수,이성규,삼성,1루수,39,21,201 1/3,2,0,173,10,13,0.989,0,0
2024,내야수,김상수,KT,2루수,38,35,281 1/3,4,0,72,89,18,0.976,0,0
2024,내야수,김영웅,삼성,유격수,38,33,304 2/3,5,0,70,82,24,0.968,0,0
2024,내야수,정훈,롯데,1루수,37,29,271,2,0,259,20,30,0.993,0,0
2024,내야수,안치홍,한화,1루수,37,34,293,4,0,240,24,30,0.985,0,0
2024,내야수,안치홍,한화,2루수,36,36,265,2,0,67,99,21,0.988,0,0
2024,내야수,서호철,NC,2루수,35,24,219 1/3,5,0,58,52,14,0.957,0,0
2024,내야수,이재상,키움,유격수,35,28,221,4,0,44,50,13,0.959,0,0
2024,내야수,전민재,두산,3루수,34,10,129,1,0,20,19,3,0.975,0,0
2024,내야수,서건창,KIA,2루수,34,18,158,1,0,34,51,11,0.988,0,0
2024,내야수,강승호,두산,1루수,32,13,143 2/3,1,0,126,18,17,0.993,0,0
2024,내야수,김재상,삼성,2루수,32,24,205 1/3,2,0,36,63,11,0.980,0,0
2024,내야수,송성문,키움,1루수,32,15,148,1,0,130,7,19,0.993,0,0
2024,내야수,도태훈,NC,2루수,29,12,128,1,0,32,52,11,0.988,0,0
2024,내야수,김민성,롯데,3루수,29,19,162 1/3,2,0,13,26,5,0.951,0,0
2024,내야수,노진혁,롯데,유격수,29,18,150 2/3,5,0,23,38,9,0.924,0,0
2024,내야수,안상현,SSG,2루수,28,22,176,4,0,29,53,9,0.953,0,0
2024,내야수,류지혁,삼성,3루수,28,19,179 1/3,2,0,20,26,3,0.958,0,0
2024,내야수,신본기,KT,2루수,27,8,98,3,0,21,32,4,0.946,0,0
2024,내야수,이유찬,두산,3루수,27,20,174,2,0,17,37,2,0.964,0,0
2024,내야수,박승욱,롯데,3루수,27,11,123 2/3,1,0,10,20,5,0.968,0,0
2024,내야수,김범석,LG,1루수,26,16,131 1/3,3,0,117,9,10,0.977,0,0
2024,내야수,전의산,SSG,1루수,23,14,114,2,0,91,9,9,0.980,0,0
2024,내야수,김동진,삼성,2루수,23,8,91,0,0,17,31,5,1.000,0,0
2024,내야수,김병휘,키움,유격수,22,19,146 2/3,2,0,17,39,9,0.966,0,0
2024,내야수,김성현,SSG,유격수,21,12,118,3,0,19,32,11,0.944,0,0
2024,내야수,김한별,NC,유격수,21,7,80,1,0,9,21,2,0.968,0,0
2024,내야수,최정원,NC,2루수,21,10,107 2/3,1,0,33,30,8,0.984,0,0
2024,내야수,이도윤,한화,2루수,21,8,93,2,0,25,29,3,0.964,0,0
2024,내야수,최경모,SSG,2루수,20,4,72 2/3,1,0,10,26,3,0.973,0,0
2024,내야수,이유찬,두산,유격수,20,11,103,0,0,22,25,4,1.000,0,0
2024,내야수,손호영,롯데,2루수,20,15,110 1/3,0,0,24,34,11,1.000,0,0
2024,내야수,최경모,SSG,3루수,19,5,60,2,0,4,7,0,0.846,0,0
2024,내야수,송성문,키움,2루수,19,19,151 2/3,2,0,36,47,7,0.976,0,0
2024,내야수,신본기,KT,3루수,18,3,51,0,0,3,7,0,1.000,0,0
2024,내야수,김성현,SSG,3루수,18,10,100 1/3,0,0,8,22,1,1.000,0,0
2024,내야수,정준재,SSG,3루수,18,8,85 2/3,0,0,6,14,1,1.000,0,0
2024,내야수,도태훈,NC,3루수,18,2,53 2/3,1,0,4,17,0,0.955,0,0
2024,내야수,노진혁,롯데,3루수,18,10,97 2/3,2,0,8,23,4,0.939,0,0
2024,내야수,박승욱,롯데,2루수,18,4,54,0,0,16,20,2,1.000,0,0
2024,내야수,디아즈,삼성,1루수,18,18,151,1,0,121,14,11,0.993,0,0
2024,내야수,이승원,키움,유격수,18,13,96,3,0,20,25,5,0.938,0,0
2024,내야수,홍종표,KIA,유격수,17,9,81,2,0,13,24,6,0.949,0,0
2024,내야수,김한별,NC,2루수,16,2,32 1/3,0,0,11,6,1,1.000,0,0
2024,내야수,최항,롯데,3루수,16,5,58,1,0,5,13,2,0.947,0,0
2024,내야수,문현빈,한화,3루수,16,13,119,2,0,9,22,3,0.939,0,0
2024,내야수,김주형,키움,유격수,16,4,56 2/3,1,0,13,18,6,0.969,0,0
2024,내야수,서예일,두산,3루수,15,2,46,1,0,3,9,2,0.923,0,0
2024,내야수,변우혁,KIA,3루수,15,5,74,1,0,6,15,1,0.955,0,0
2024,내야수,홍종표,KIA,3루수,15,3,52,1,0,2,7,0,0.900,0,0
2024,내야수,전민재,두산,2루수,14,11,93,2,0,20,38,6,0.967,0,0
2024,내야수,오선진,롯데,3루수,14,1,41 2/3,0,0,0,8,1,1.000,0,0
2024,내야수,안주형,삼성,유격수,14,8,56 2/3,0,0,17,18,6,1.000,0,0
2024,내야수,김인환,한화,1루수,14,7,66,2,0,50,3,4,0.964,0,0
2024,내야수,고영우,키움,유격수,14,7,67,1,0,5,20,3,0.962,0,0
2024,내야수,김휘집,NC,1루수,13,11,94,0,0,86,11,11,1.000,0,0
2024,내야수,박계범,두산,2루수,13,1,24,0,0,3,5,1,1.000,0,0
2024,내야수,정훈,롯데,3루수,13,11,70 1/3,1,0,5,16,2,0.955,0,0
2024,내야수,류지혁,삼성,1루수,13,3,44 2/3,0,0,34,2,3,1.000,0,0
2024,내야수,이영빈,LG,1루수,12,7,62,1,0,56,5,8,0.984,0,0
2024,내야수,노진혁,롯데,1루수,12,3,36,1,0,36,3,5,0.975,0,0
2024,내야수,김호진,삼성,3루수,12,5,47,0,0,3,10,1,1.000,0,0
2024,내야수,이원석,키움,1루수,12,12,87,2,0,85,4,5,0.978,0,0
2024,내야수,이호연,KT,3루수,11,5,43,0,0,2,4,1,1.000,0,0
2024,내야수,장준원,KT,유격수,11,2,34,0,0,9,6,0,1.000,0,0
2024,내야수,최항,롯데,1루수,11,1,21 1/3,0,0,14,0,2,1.000,0,0
2024,내야수,이호연,KT,2루수,10,3,32,0,0,6,11,2,1.000,0,0
2024,내야수,최준우,SSG,2루수,10,6,47,2,0,10,13,2,0.920,0,0
2024,내야수,오영수,NC,1루수,10,6,49 2/3,0,0,49,4,3,1.000,0,0
2024,내야수,박계범,두산,3루수,10,0,15 2/3,1,0,2,2,0,0.800,0,0
2024,내야수,박민,KIA,유격수,10,4,40,3,0,9,13,4,0.880,0,0
2024,내야수,오선진,롯데,2루수,10,2,27,0,0,3,7,1,1.000,0,0
2024,내야수,이주찬,롯데,3루수,10,5,46 1/3,4,0,3,9,2,0.750,0,0
2024,내야수,김지찬,삼성,2루수,10,0,14,0,0,3,1,0,1.000,0,0
2024,내야수,고영우,키움,2루수,10,4,45,1,0,13,16,1,0.967,0,0
2024,내야수,김태진,키움,2루수,10,1,28,1,0,7,11,3,0.947,0,0
2024,내야수,김정율,LG,3루수,9,2,29,0,0,2,6,2,1.000,0,0
2024,내야수,박지환,SSG,3루수,9,4,38,1,0,2,4,0,0.857,0,0
2024,내야수,최경모,SSG,유격수,9,2,20,1,0,0,2,0,0.667,0,0
2024,내야수,박준영,두산,3루수,9,2,27,0,0,4,3,2,1.000,0,0
2024,외야수,안치영,KT,우익수,13,1,30,0,0,3,0,0,1.000,0,0
2024,외야수,안현민,KT,좌익수,13,6,52,0,0,13,1,0,1.000,0,0
2024,외야수,조용호,KT,좌익수,13,5,57 2/3,0,0,9,1,0,1.000,0,0
2024,외야수,고승민,롯데,좌익수,13,12,86,0,0,17,2,0,1.000,0,0
2024,외야수,이진영,한화,우익수,13,5,55,1,0,12,0,0,0.923,0,0
2024,외야수,임종찬,한화,우익수,13,1,33,0,0,6,0,0,1.000,0,0
2024,외야수,이용규,키움,우익수,13,10,94,1,0,25,0,0,0.962,0,0
2024,외야수,홍창기,LG,중견수,12,9,61,0,0,14,0,0,1.000,0,0
2024,외야수,김건형,KT,우익수,12,9,66,0,0,22,0,0,1.000,0,0
2024,외야수,오태곤,SSG,좌익수,12,4,44 2/3,0,0,6,1,0,1.000,0,0
2024,외야수,정현승,SSG,우익수,12,3,40,0,0,5,0,0,1.000,0,0
2024,외야수,임병욱,키움,우익수,12,8,74,0,0,16,0,0,1.000,0,0
2024,외야수,예진원,KIA,중견수,11,1,23,0,0,6,0,0,1.000,0,0
2024,외야수,장두성,롯데,좌익수,11,1,25,0,0,6,0,0,1.000,0,0
2024,외야수,김성윤,삼성,우익수,11,7,63 1/3,0,0,14,1,0,1.000,0,0
2024,외야수,김재혁,삼성,중견수,11,1,27,0,0,6,0,0,1.000,0,0
2024,외야수,김재혁,삼성,우익수,11,2,23,1,0,5,0,0,0.833,0,0
2024,외야수,유로결,한화,우익수,11,1,33 1/3,0,0,7,0,0,1.000,0,0
2024,외야수,김병준,KT,우익수,10,1,20 2/3,0,0,7,0,0,1.000,0,0
2024,외야수,송민섭,KT,중견수,10,0,24,0,0,3,0,0,1.000,0,0
2024,외야수,오태곤,SSG,우익수,10,5,50,2,0,16,1,1,0.895,0,0
2024,외야수,김태근,두산,우익수,10,0,19 2/3,0,0,5,0,0,1.000,0,0
2024,외야수,이성규,삼성,좌익수,10,5,50,0,0,12,0,0,1.000,0,0
2024,외야수,정은원,한화,좌익수,10,9,70,0,0,20,0,0,1.000,0,0
2024,외야수,원성준,키움,중견수,10,9,65,1,0,19,0,0,0.950,0,0
2024,외야수,홍현빈,KT,좌익수,9,0,17 2/3,0,0,5,0,0,1.000,0,0
2024,외야수,박영빈,NC,좌익수,9,0,16,0,0,1,0,0,1.000,0,0
2024,외야수,손아섭,NC,좌익수,9,9,65,0,0,13,0,0,1.000,0,0
2024,외야수,한석현,NC,좌익수,9,1,21 2/3,0,0,6,2,0,1.000,0,0
2024,외야수,김현준,삼성,좌익수,9,6,50 1/3,0,0,10,0,0,1.000,0,0
2024,외야수,최인호,한화,좌익수,62,46,401 2/3,2,0,96,3,0,0.980,0,0
2024,외야수,김호령,KIA,중견수,61,9,177,2,0,62,0,0,0.969,0,0
2024,외야수,윤동희,롯데,우익수,61,52,455,0,0,106,2,1,1.000,0,0
2024,외야수,이주형,키움,우익수,58,50,431 1/3,2,0,108,3,0,0.982,0,0
2024,외야수,황성빈,롯데,좌익수,57,27,291 2/3,2,0,58,2,0,0.968,0,0
2024,외야수,이창진,KIA,좌익수,56,33,309 1/3,0,0,85,0,0,1.000,0,0
2024,외야수,박수종,키움,중견수,56,23,253 1/3,4,0,84,0,0,0.955,0,0
2024,외야수,페라자,한화,좌익수,54,42,349 1/3,2,0,75,3,0,0.975,0,0
2024,외야수,소크라테스,KIA,중견수,53,47,366 2/3,2,0,93,2,0,0.979,0,0
2024,외야수,이성규,삼성,우익수,51,33,294 1/3,3,0,78,2,0,0.964,0,0
2024,외야수,조용호,KT,우익수,49,32,295,1,0,58,0,0,0.983,0,0
2024,외야수,윤정빈,삼성,우익수,49,30,285 1/3,0,0,66,1,0,1.000,0,0
2024,외야수,천재환,NC,우익수,48,26,248,2,0,41,1,1,0.955,0,0
2024,외야수,김헌곤,삼성,우익수,48,38,300 1/3,1,0,86,0,0,0.989,0,0
2024,외야수,이주형,키움,중견수,48,40,341,1,0,102,1,0,0.990,0,0
2024,외야수,하재훈,SSG,우익수,47,33,301 1/3,5,0,49,2,0,0.911,0,0
2024,외야수,박정우,KIA,중견수,47,5,115 1/3,2,0,29,2,1,0.939,0,0
2024,외야수,레이예스,롯데,좌익수,47,43,346,0,0,79,2,2,1.000,0,0
2024,외야수,전준우,롯데,좌익수,47,47,381 1/3,1,0,87,2,1,0.989,0,0
2024,외야수,김재환,두산,좌익수,45,43,335 1/3,0,0,71,0,0,1.000,0,0
2024,외야수,조수행,두산,우익수,43,30,274 1/3,0,0,71,1,0,1.000,0,0
2024,외야수,김현준,삼성,우익수,40,24,218 1/3,1,0,62,1,0,0.984,0,0
2024,외야수,이원석,한화,중견수,40,22,219,0,0,62,0,0,1.000,0,0
2024,외야수,페라자,한화,우익수,39,39,310,7,0,72,3,1,0.915,0,0
2024,외야수,이창진,KIA,우익수,38,22,175,1,0,31,0,0,0.969,0,0
2024,외야수,최정원,NC,중견수,37,20,184 1/3,2,0,74,0,0,0.974,0,0
2024,외야수,변상권,키움,좌익수,37,32,278,1,0,76,0,0,0.987,0,0
2024,외야수,정준영,KT,우익수,34,18,168 1/3,2,0,44,0,0,0.957,0,0
2024,외야수,김현준,삼성,중견수,33,12,130 1/3,0,0,48,3,1,1.000,0,0
2024,외야수,천재환,NC,좌익수,32,17,168 2/3,0,0,31,1,1,1.000,0,0
2024,외야수,김강민,한화,중견수,31,15,153 1/3,0,0,40,0,0,1.000,0,0
2024,외야수,하재훈,SSG,좌익수,29,21,205,2,0,42,2,0,0.957,0,0
2024,외야수,김대한,두산,우익수,29,12,124,1,0,34,0,0,0.971,0,0
2024,외야수,이형종,키움,우익수,29,26,218 2/3,1,0,59,0,0,0.983,0,0
2024,외야수,박시원,NC,중견수,27,19,168 1/3,0,0,49,2,1,1.000,0,0
2024,외야수,이성규,삼성,중견수,27,18,145,1,0,38,0,0,0.974,0,0
2024,외야수,김인환,한화,좌익수,27,23,170 1/3,0,0,39,1,0,1.000,0,0
2024,외야수,이진영,한화,중견수,27,15,131,0,0,46,0,0,1.000,0,0
2024,외야수,이용규,키움,중견수,26,20,171 1/3,0,0,49,0,0,1.000,0,0
2024,외야수,문성주,LG,우익수,25,17,137,1,0,31,1,0,0.970,0,0
2024,외야수,김대한,두산,좌익수,25,6,87,0,0,16,0,0,1.000,0,0
2024,외야수,이우성,KIA,우익수,25,22,162,2,0,34,0,0,0.944,0,0
2024,외야수,신윤후,롯데,우익수,25,6,84,0,0,22,4,1,1.000,0,0
2024,외야수,장두성,롯데,중견수,25,2,50 1/3,0,0,17,0,0,1.000,0,0
2024,외야수,도슨,키움,중견수,25,22,185 2/3,0,0,58,0,0,1.000,0,0
2024,외야수,안익훈,LG,좌익수,24,6,92,0,0,20,0,0,1.000,0,0
2024,외야수,송민섭,KT,우익수,24,0,42 1/3,1,0,7,0,0,0.875,0,0
2024,외야수,하재훈,SSG,중견수,24,19,160,0,0,37,1,0,1.000,0,0
2024,외야수,김성욱,NC,우익수,24,8,80,0,0,15,0,0,1.000,0,0
2024,외야수,박시원,NC,우익수,24,12,143 1/3,2,0,24,3,0,0.931,0,0
2024,외야수,김성윤,삼성,중견수,24,9,105 1/3,0,0,32,1,1,1.000,0,0
2024,외야수,채은성,한화,우익수,23,22,181,0,0,40,0,0,1.000,0,0
2024,외야수,한석현,NC,우익수,22,8,100 1/3,0,0,18,2,0,1.000,0,0
2024,외야수,조수행,두산,중견수,22,11,119 2/3,0,0,33,1,0,1.000,0,0
2024,외야수,김민석,롯데,좌익수,22,13,128 2/3,0,0,35,1,1,1.000,0,0
2024,외야수,최승민,LG,좌익수,21,0,37,0,0,13,1,0,1.000,0,0
2024,외야수,박한결,NC,좌익수,21,13,110 1/3,1,0,20,0,0,0.952,0,0
2024,외야수,박정우,KIA,좌익수,21,2,46 1/3,0,0,17,0,0,1.000,0,0
2024,외야수,이원석,한화,좌익수,21,4,77 2/3,1,0,11,0,0,0.917,0,0
2024,외야수,박수종,키움,좌익수,21,10,93 1/3,0,0,33,0,0,1.000,0,0
2024,외야수,이용규,키움,좌익수,21,18,159 2/3,0,0,44,0,0,1.000,0,0
2024,외야수,최상민,SSG,우익수,20,0,32 2/3,0,0,6,1,0,1.000,0,0
2024,외야수,손아섭,NC,우익수,20,17,130 2/3,0,0,37,0,0,1.000,0,0
2024,외야수,김동혁,롯데,중견수,20,0,44,2,0,18,0,0,0.900,0,0
2024,외야수,임병욱,키움,중견수,20,13,107,1,0,25,0,0,0.962,0,0
2024,외야수,장재영,키움,우익수,20,19,157 1/3,0,0,42,2,1,1.000,0,0
2024,외야수,최원영,LG,좌익수,19,1,46,1,0,7,0,0,0.875,0,0
2024,외야수,장두성,롯데,우익수,19,0,30 1/3,1,0,6,0,0,0.857,0,0
2024,외야수,장진혁,한화,좌익수,19,8,86,0,0,23,0,0,1.000,0,0
2024,외야수,김성욱,NC,좌익수,18,3,52 1/3,0,0,14,1,0,1.000,0,0
2024,외야수,제러드,두산,우익수,18,17,147,0,0,34,2,1,1.000,0,0
2024,외야수,최원영,LG,우익수,17,2,41,0,0,12,0,0,1.000,0,0
2024,외야수,천재환,NC,중견수,17,8,78,0,0,29,0,0,1.000,0,0
2024,외야수,이유찬,두산,좌익수,17,16,113 1/3,1,0,16,0,0,0.941,0,0
2024,외야수,박주홍,키움,좌익수,17,13,99,0,0,25,1,0,1.000,0,0
2024,외야수,장재영,키움,중견수,17,16,126 1/3,0,0,24,1,0,1.000,0,0
2024,외야수,김병준,KT,중견수,16,3,41,0,0,13,2,0,1.000,0,0
2024,외야수,김태근,두산,좌익수,16,4,53 2/3,0,0,15,0,0,1.000,0,0
2024,외야수,최형우,KIA,좌익수,16,15,117,2,0,14,0,0,0.875,0,0
2024,외야수,임종찬,한화,중견수,16,15,105,0,0,23,2,0,1.000,0,0
2024,외야수,주성원,키움,우익수,16,11,93,2,0,31,1,1,0.941,0,0
2024,외야수,홍현빈,KT,우익수,15,1,29,1,0,8,0,0,0.889,0,0
2024,외야수,제러드,두산,좌익수,15,14,118 1/3,0,0,23,0,0,1.000,0,0
2024,외야수,장진혁,한화,우익수,15,2,48 1/3,0,0,12,0,0,1.000,0,0
2024,외야수,최원영,LG,중견수,14,5,45,1,0,9,0,0,0.900,0,0
2024,외야수,김민혁,KT,중견수,14,13,105 1/3,1,0,28,0,0,0.966,0,0
2024,외야수,안치영,KT,중견수,14,12,91,0,0,22,0,0,1.000,0,0
2024,외야수,오태곤,SSG,중견수,14,7,56,0,0,9,0,0,1.000,0,0
2024,외야수,최상민,SSG,중견수,14,1,26,0,0,16,1,0,1.000,0,0
2024,외야수,이원석,한화,우익수,14,2,40,0,0,7,1,0,1.000,0,0
2024,외야수,안치영,KT,우익수,13,1,30,0,0,3,0,0,1.000,0,0
2024,외야수,안현민,KT,좌익수,13,6,52,0,0,13,1,0,1.000,0,0
2024,외야수,조용호,KT,좌익수,13,5,57 2/3,0,0,9,1,0,1.000,0,0
2024,외야수,고승민,롯데,좌익수,13,12,86,0,0,17,2,0,1.000,0,0
2024,외야수,이진영,한화,우익수,13,5,55,1,0,12,0,0,0.923,0,0
2024,외야수,임종찬,한화,우익수,13,1,33,0,0,6,0,0,1.000,0,0
2024,외야수,이용규,키움,우익수,13,10,94,1,0,25,0,0,0.962,0,0
2024,외야수,홍창기,LG,중견수,12,9,61,0,0,14,0,0,1.000,0,0
2024,외야수,김건형,KT,우익수,12,9,66,0,0,22,0,0,1.000,0,0
2024,외야수,오태곤,SSG,좌익수,12,4,44 2/3,0,0,6,1,0,1.000,0,0
2024,외야수,정현승,SSG,우익수,12,3,40,0,0,5,0,0,1.000,0,0
2024,외야수,임병욱,키움,우익수,12,8,74,0,0,16,0,0,1.000,0,0
2024,외야수,예진원,KIA,중견수,11,1,23,0,0,6,0,0,1.000,0,0
2024,외야수,장두성,롯데,좌익수,11,1,25,0,0,6,0,0,1.000,0,0
2024,외야수,김성윤,삼성,우익수,11,7,63 1/3,0,0,14,1,0,1.000,0,0
2024,외야수,김재혁,삼성,중견수,11,1,27,0,0,6,0,0,1.000,0,0
2024,외야수,김재혁,삼성,우익수,11,2,23,1,0,5,0,0,0.833,0,0
2024,외야수,유로결,한화,우익수,11,1,33 1/3,0,0,7,0,0,1.000,0,0
2024,외야수,김병준,KT,우익수,10,1,20 2/3,0,0,7,0,0,1.000,0,0
2024,외야수,송민섭,KT,중견수,10,0,24,0,0,3,0,0,1.000,0,0
2024,외야수,오태곤,SSG,우익수,10,5,50,2,0,16,1,1,0.895,0,0
2024,외야수,김태근,두산,우익수,10,0,19 2/3,0,0,5,0,0,1.000,0,0
2024,외야수,이성규,삼성,좌익수,10,5,50,0,0,12,0,0,1.000,0,0
2024,외야수,정은원,한화,좌익수,10,9,70,0,0,20,0,0,1.000,0,0
2024,외야수,원성준,키움,중견수,10,9,65,1,0,19,0,0,0.950,0,0
2024,외야수,홍현빈,KT,좌익수,9,0,17 2/3,0,0,5,0,0,1.000,0,0
2024,외야수,박영빈,NC,좌익수,9,0,16,0,0,1,0,0,1.000,0,0
2024,외야수,손아섭,NC,좌익수,9,9,65,0,0,13,0,0,1.000,0,0
2024,외야수,한석현,NC,좌익수,9,1,21 2/3,0,0,6,2,0,1.000,0,0
2024,외야수,김현준,삼성,좌익수,9,6,50 1/3,0,0,10,0,0,1.000,0,0
2025,포수,김정호,NC,포수,8,3,32,0,0,32,2,0,1.000,0,5
2025,포수,주효상,KIA,포수,7,3,39,1,0,34,3,0,0.974,0,1
2025,포수,박민준,두산,포수,7,0,10 2/3,0,0,7,0,0,1.000,2,2
2025,포수,김도환,삼성,포수,6,5,31,0,0,23,1,0,1.000,0,4
2025,포수,이율예,SSG,포수,6,1,22,2,0,13,2,0,0.882,0,0
2025,포수,박건우,롯데,포수,6,0,11 1/3,0,0,10,1,0,1.000,1,0
2025,포수,김성우,LG,포수,5,0,9,0,0,8,0,0,1.000,0,0
2025,포수,강백호,KT,포수,5,4,32 2/3,1,0,22,2,1,0.960,0,2
2025,포수,장승현,두산,포수,4,1,11,0,0,10,1,0,1.000,0,1
2025,포수,박성재,두산,포수,3,0,4 1/3,0,0,4,1,0,1.000,0,0
2025,포수,김민석,KT,포수,2,0,2,0,0,1,0,0,1.000,0,1
2025,포수,박진우,삼성,포수,1,0,1,0,0,0,0,0,-,0,0
2025,포수,강승구,롯데,포수,1,0,2,0,0,2,0,0,1.000,0,0
2025,포수,장규현,한화,포수,1,0,2 2/3,0,0,3,0,0,1.000,0,0
2025,포수,권희동,NC,포수,1,0,1,0,0,1,0,0,1.000,0,0
2025,내야수,황재균,KT,1루수,79,65,561 2/3,3,0,541,50,38,0.995,0,0
2025,내야수,오선우,KIA,1루수,77,59,505 1/3,10,0,482,33,43,0.981,0,0
2025,내야수,손호영,롯데,3루수,74,71,614 2/3,16,0,55,117,14,0.915,0,0
2025,내야수,김선빈,KIA,2루수,72,68,503 2/3,9,0,96,126,33,0.961,0,0
2025,내야수,한태양,롯데,2루수,71,56,500 1/3,6,0,127,143,30,0.978,0,0
2025,내야수,양석환,두산,1루수,69,68,579 2/3,4,0,525,45,44,0.993,0,0
2025,내야수,오명진,두산,2루수,69,55,488,7,0,127,161,38,0.976,0,0
2025,내야수,구본혁,LG,3루수,68,33,328 2/3,2,0,21,72,9,0.979,0,0
2025,내야수,이유찬,두산,유격수,67,60,541,8,0,90,161,35,0.969,0,0
2025,내야수,이도윤,한화,2루수,64,45,380 2/3,2,0,73,120,21,0.990,0,0
2025,내야수,김태진,키움,2루수,64,48,430 2/3,3,0,93,138,29,0.987,0,0
2025,내야수,양도근,삼성,2루수,63,26,285,2,0,80,86,22,0.988,0,0
2025,내야수,이호준,롯데,유격수,63,32,340 1/3,9,0,47,105,18,0.944,0,0
2025,내야수,장준원,KT,유격수,62,47,355,3,0,72,114,26,0.984,0,0
2025,내야수,문상철,KT,1루수,61,45,382,0,0,351,30,31,1.000,0,0
2025,내야수,하주석,한화,유격수,61,48,407 2/3,1,0,59,103,21,0.994,0,0
2025,내야수,강승호,두산,1루수,60,33,331,3,0,293,25,30,0.991,0,0
2025,내야수,고승민,롯데,2루수,60,58,449 1/3,4,0,93,165,34,0.985,0,0
2025,내야수,위즈덤,KIA,3루수,58,54,406,9,0,33,79,5,0.926,0,0
2025,내야수,오태곤,SSG,1루수,58,10,178 1/3,0,0,154,10,23,1.000,0,0
2025,내야수,김민성,롯데,3루수,58,43,358 1/3,5,0,17,75,5,0.948,0,0
2025,내야수,구본혁,LG,유격수,57,36,315,3,0,57,97,22,0.981,0,0
2025,내야수,김태연,한화,1루수,56,26,294,3,0,249,27,21,0.989,0,0
2025,내야수,서호철,NC,1루수,55,27,272,1,0,241,7,26,0.996,0,0
2025,내야수,박준순,두산,3루수,54,50,445 1/3,19,0,30,95,12,0.868,0,0
2025,내야수,오선진,키움,유격수,51,20,228,3,0,40,48,11,0.967,0,0
2025,내야수,오윤석,KT,2루수,48,21,215 1/3,1,0,48,76,12,0.992,0,0
2025,내야수,박민,KIA,3루수,45,13,173 1/3,1,0,14,39,4,0.981,0,0
2025,내야수,최정,SSG,3루수,45,45,371,4,0,25,50,3,0.949,0,0
2025,내야수,고승민,롯데,1루수,45,33,299,1,0,268,18,24,0.997,0,0
2025,내야수,황재균,KT,1루수,79,65,561 2/3,3,0,541,50,38,0.995,0,0
2025,내야수,오선우,KIA,1루수,77,59,505 1/3,10,0,482,33,43,0.981,0,0
2025,내야수,손호영,롯데,3루수,74,71,614 2/3,16,0,55,117,14,0.915,0,0
2025,내야수,김선빈,KIA,2루수,72,68,503 2/3,9,0,96,126,33,0.961,0,0
2025,내야수,한태양,롯데,2루수,71,56,500 1/3,6,0,127,143,30,0.978,0,0
2025,내야수,양석환,두산,1루수,69,68,579 2/3,4,0,525,45,44,0.993,0,0
2025,내야수,오명진,두산,2루수,69,55,488,7,0,127,161,38,0.976,0,0
2025,내야수,구본혁,LG,3루수,68,33,328 2/3,2,0,21,72,9,0.979,0,0
2025,내야수,이유찬,두산,유격수,67,60,541,8,0,90,161,35,0.969,0,0
2025,내야수,이도윤,한화,2루수,64,45,380 2/3,2,0,73,120,21,0.990,0,0
2025,내야수,김태진,키움,2루수,64,48,430 2/3,3,0,93,138,29,0.987,0,0
2025,내야수,양도근,삼성,2루수,63,26,285,2,0,80,86,22,0.988,0,0
2025,내야수,이호준,롯데,유격수,63,32,340 1/3,9,0,47,105,18,0.944,0,0
2025,내야수,장준원,KT,유격수,62,47,355,3,0,72,114,26,0.984,0,0
2025,내야수,문상철,KT,1루수,61,45,382,0,0,351,30,31,1.000,0,0
2025,내야수,하주석,한화,유격수,61,48,407 2/3,1,0,59,103,21,0.994,0,0
2025,내야수,강승호,두산,1루수,60,33,331,3,0,293,25,30,0.991,0,0
2025,내야수,고승민,롯데,2루수,60,58,449 1/3,4,0,93,165,34,0.985,0,0
2025,내야수,위즈덤,KIA,3루수,58,54,406,9,0,33,79,5,0.926,0,0
2025,내야수,오태곤,SSG,1루수,58,10,178 1/3,0,0,154,10,23,1.000,0,0
2025,내야수,김민성,롯데,3루수,58,43,358 1/3,5,0,17,75,5,0.948,0,0
2025,내야수,구본혁,LG,유격수,57,36,315,3,0,57,97,22,0.981,0,0
2025,내야수,김태연,한화,1루수,56,26,294,3,0,249,27,21,0.989,0,0
2025,내야수,서호철,NC,1루수,55,27,272,1,0,241,7,26,0.996,0,0
2025,내야수,박준순,두산,3루수,54,50,445 1/3,19,0,30,95,12,0.868,0,0
2025,내야수,오선진,키움,유격수,51,20,228,3,0,40,48,11,0.967,0,0
2025,내야수,오윤석,KT,2루수,48,21,215 1/3,1,0,48,76,12,0.992,0,0
2025,내야수,박민,KIA,3루수,45,13,173 1/3,1,0,14,39,4,0.981,0,0
2025,내야수,최정,SSG,3루수,45,45,371,4,0,25,50,3,0.949,0,0
2025,내야수,고승민,롯데,1루수,45,33,299,1,0,268,18,24,0.997,0,0
2025,내야수,안상현,SSG,3루수,44,32,298 1/3,4,0,18,44,5,0.939,0,0
2025,내야수,홍종표,NC,2루수,44,10,164 1/3,2,0,46,50,12,0.980,0,0
2025,내야수,이도윤,한화,유격수,43,15,195 2/3,2,0,29,56,7,0.977,0,0
2025,내야수,박준영,두산,유격수,38,34,287,8,0,54,75,20,0.942,0,0
2025,내야수,황재균,KT,3루수,38,31,271 2/3,1,0,23,22,2,0.978,0,0
2025,내야수,임지열,키움,1루수,38,32,285 2/3,2,0,276,20,17,0.993,0,0
2025,내야수,문보경,LG,1루수,37,18,190 1/3,2,0,191,10,28,0.990,0,0
2025,내야수,김성현,SSG,3루수,37,17,182,4,0,9,30,1,0.907,0,0
2025,내야수,전병우,삼성,3루수,36,14,140 1/3,0,0,10,23,2,1.000,0,0
2025,내야수,양도근,삼성,유격수,35,9,125 1/3,1,0,23,43,4,0.985,0,0
2025,내야수,구본혁,LG,2루수,35,26,220 2/3,1,0,51,63,16,0.991,0,0
2025,내야수,김민석,두산,1루수,35,24,206 1/3,4,0,214,10,20,0.982,0,0
2025,내야수,변우혁,KIA,3루수,34,27,240 2/3,4,0,19,57,2,0.950,0,0
2025,내야수,강승호,두산,2루수,34,29,253 1/3,1,0,71,75,17,0.993,0,0
2025,내야수,오윤석,KT,1루수,34,22,190 1/3,0,0,171,15,16,1.000,0,0
2025,내야수,김태진,키움,유격수,34,23,217,6,0,27,58,7,0.934,0,0
2025,내야수,전태현,키움,2루수,34,24,213,3,0,44,68,15,0.974,0,0
2025,내야수,이호준,롯데,2루수,33,1,64,0,0,11,21,7,1.000,0,0
2025,내야수,임종성,두산,3루수,32,26,212,2,0,22,33,3,0.965,0,0
2025,내야수,김찬형,SSG,3루수,32,20,175 1/3,3,0,18,39,6,0.950,0,0
2025,내야수,안상현,SSG,유격수,32,17,170 1/3,3,0,37,42,15,0.963,0,0
2025,내야수,정훈,롯데,1루수,32,16,167 2/3,2,0,168,15,11,0.989,0,0
2025,내야수,김규성,KIA,3루수,31,6,109 2/3,2,0,10,17,2,0.931,0,0
2025,내야수,서호철,NC,2루수,31,23,179,3,0,42,58,10,0.971,0,0
2025,내야수,서호철,NC,3루수,31,18,166 1/3,4,0,14,30,4,0.917,0,0
2025,내야수,강승호,두산,3루수,30,29,244,5,0,24,53,5,0.939,0,0
2025,내야수,박계범,두산,2루수,30,22,191,2,0,45,59,11,0.981,0,0
2025,내야수,박승욱,롯데,유격수,30,22,174,2,0,21,51,10,0.973,0,0
2025,내야수,송지후,키움,2루수,30,25,212 1/3,2,0,53,74,8,0.984,0,0
2025,내야수,박계범,두산,3루수,29,10,121 1/3,3,0,8,23,3,0.912,0,0
2025,내야수,박준순,두산,2루수,29,22,182 2/3,4,0,44,55,13,0.961,0,0
2025,내야수,박계범,두산,유격수,28,12,118 2/3,4,0,14,33,4,0.922,0,0
2025,내야수,박찬형,롯데,3루수,28,21,195 1/3,3,0,15,33,4,0.941,0,0
2025,내야수,하주석,한화,2루수,28,27,197,1,0,33,51,10,0.988,0,0
2025,내야수,김한별,NC,유격수,28,5,82,2,0,17,29,5,0.958,0,0
2025,내야수,천성호,LG,2루수,27,18,158 1/3,2,0,36,66,14,0.981,0,0
2025,내야수,김한별,NC,2루수,27,7,85 1/3,0,0,10,26,5,1.000,0,0
2025,내야수,김한별,NC,3루수,27,3,56 1/3,0,0,7,8,2,1.000,0,0
2025,내야수,김규성,KIA,유격수,25,11,119 1/3,4,0,21,39,5,0.938,0,0
2025,내야수,김도영,KIA,3루수,25,25,201,5,0,11,43,4,0.915,0,0
2025,내야수,윤도현,KIA,2루수,25,21,175,6,0,31,48,10,0.929,0,0
2025,내야수,김상수,KT,유격수,25,13,125 2/3,2,0,29,34,6,0.969,0,0
2025,내야수,안상현,SSG,2루수,25,22,179 2/3,2,0,33,56,11,0.978,0,0
2025,내야수,최정원,NC,2루수,25,7,89 1/3,0,0,22,28,5,1.000,0,0
2025,내야수,송성문,키움,2루수,25,23,188,1,0,54,63,13,0.992,0,0
2025,내야수,오선진,키움,3루수,24,9,102 2/3,0,0,7,22,3,1.000,0,0
2025,내야수,도태훈,NC,1루수,23,5,89,0,0,77,8,9,1.000,0,0
2025,내야수,오선진,키움,2루수,23,9,97 1/3,1,0,27,25,7,0.981,0,0
2025,내야수,박민,KIA,2루수,22,14,112,2,0,22,47,10,0.972,0,0
2025,내야수,심재훈,삼성,2루수,22,9,100 1/3,0,0,18,26,8,1.000,0,0
2025,내야수,도태훈,NC,2루수,22,9,93 1/3,1,0,20,38,4,0.983,0,0
2025,내야수,천성호,LG,1루수,21,10,99,1,0,89,9,9,0.990,0,0
2025,내야수,오명진,두산,3루수,21,17,146,1,0,11,27,3,0.974,0,0
2025,내야수,김휘집,NC,1루수,21,6,74 1/3,0,0,62,5,10,1.000,0,0
2025,내야수,천성호,LG,3루수,20,10,85,1,0,7,9,3,0.941,0,0
2025,내야수,석정우,SSG,3루수,20,8,78 1/3,2,0,2,7,0,0.818,0,0
2025,내야수,변우혁,KIA,1루수,18,6,68 1/3,0,0,54,9,5,1.000,0,0
2025,내야수,안재석,두산,유격수,18,18,156,1,0,23,46,16,0.986,0,0
2025,내야수,박지환,SSG,3루수,18,17,138 1/3,5,0,12,26,1,0.884,0,0
2025,내야수,윤도현,KIA,3루수,17,16,115,2,0,6,19,1,0.926,0,0
2025,내야수,오명진,두산,유격수,17,15,129 1/3,2,0,28,39,3,0.971,0,0
2025,내야수,김성현,SSG,2루수,17,10,83 1/3,1,0,23,34,7,0.983,0,0
2025,내야수,여동욱,키움,3루수,17,9,76,3,0,9,13,2,0.880,0,0
2025,내야수,황대인,KIA,1루수,16,15,113,2,0,107,4,10,0.982,0,0
2025,내야수,강민성,KT,2루수,16,6,74 1/3,0,0,20,28,5,1.000,0,0
2025,내야수,오영수,NC,1루수,16,7,64,1,0,52,3,6,0.982,0,0
2025,내야수,류지혁,삼성,1루수,15,4,52,0,0,54,2,7,1.000,0,0
2025,내야수,이영빈,LG,2루수,15,5,53,0,0,11,24,3,1.000,0,0
2025,내야수,박지훈,두산,3루수,15,9,88 1/3,1,0,11,12,1,0.958,0,0
2025,내야수,박승욱,롯데,2루수,15,0,22,0,0,5,13,1,1.000,0,0
2025,내야수,손호영,롯데,2루수,15,12,96,1,0,23,30,9,0.981,0,0
2025,내야수,박병호,삼성,1루수,14,12,84,2,0,56,12,6,0.971,0,0
2025,내야수,양도근,삼성,3루수,14,7,69 2/3,2,0,6,17,0,0.920,0,0
2025,내야수,이영빈,LG,1루수,14,2,37,0,0,45,2,4,1.000,0,0
2025,내야수,류지혁,삼성,3루수,13,9,87,1,0,5,14,2,0.950,0,0
2025,내야수,전태현,키움,3루수,13,9,80,1,0,5,13,1,0.947,0,0
2025,내야수,전병우,삼성,1루수,12,0,23 1/3,1,0,21,1,3,0.957,0,0
2025,내야수,김현수,LG,1루수,12,9,83,2,0,73,9,6,0.976,0,0
2025,내야수,이호연,KT,1루수,12,9,80,0,0,68,5,3,1.000,0,0
2025,내야수,김민성,롯데,2루수,12,10,81,0,0,17,22,4,1.000,0,0
2025,내야수,안치홍,한화,2루수,12,11,81,1,0,15,28,5,0.977,0,0
2025,내야수,이영빈,LG,3루수,11,5,50,0,0,2,8,1,1.000,0,0
2025,내야수,이유찬,두산,2루수,11,7,64,0,0,18,20,5,1.000,0,0
2025,내야수,박민석,KT,유격수,11,3,43 1/3,1,0,7,11,7,0.947,0,0
2025,내야수,장준원,KT,2루수,11,4,40 1/3,0,0,11,16,4,1.000,0,0
2025,내야수,장준원,KT,3루수,11,0,26 1/3,0,0,2,4,1,1.000,0,0
2025,내야수,현원회,SSG,1루수,11,9,62,0,0,62,9,6,1.000,0,0
2025,내야수,김민성,롯데,1루수,11,2,25,1,0,28,0,6,0.966,0,0
2025,내야수,한태양,롯데,유격수,11,2,26,1,0,10,12,5,0.957,0,0
2025,내야수,도태훈,NC,3루수,11,2,28,1,0,1,4,0,0.833,0,0
2025,외야수,조수행,두산,우익수,13,5,53,0,0,16,0,0,1.000,0,0
2025,외야수,임종찬,한화,우익수,13,10,86 1/3,1,0,16,0,0,0.941,0,0
2025,외야수,최정원,NC,좌익수,13,3,47 1/3,0,0,11,1,1,1.000,0,0
2025,외야수,스톤,키움,우익수,13,13,114,1,0,19,2,0,0.955,0,0
2025,외야수,전태현,키움,좌익수,13,7,60,0,0,17,0,0,1.000,0,0
2025,외야수,정해원,KIA,우익수,12,7,53 1/3,0,0,16,0,0,1.000,0,0
2025,외야수,이성규,삼성,좌익수,12,8,73,0,0,22,1,0,1.000,0,0
2025,외야수,홍현빈,삼성,좌익수,12,0,22,1,0,6,0,0,0.857,0,0
2025,외야수,최승민,LG,좌익수,12,0,19 2/3,1,0,5,0,0,0.833,0,0
2025,외야수,오태곤,SSG,중견수,12,5,49,0,0,11,0,0,1.000,0,0
2025,외야수,손아섭,한화,좌익수,12,8,47,0,0,15,1,1,1.000,0,0
2025,외야수,한석현,NC,좌익수,12,3,41 2/3,0,0,4,0,0,1.000,0,0
2025,외야수,이형종,키움,좌익수,12,10,80 2/3,0,0,21,0,0,1.000,0,0
2025,외야수,이형종,키움,우익수,12,6,63 1/3,0,0,16,1,0,1.000,0,0
2025,외야수,박승규,삼성,좌익수,11,7,65,1,0,18,0,0,0.947,0,0
2025,외야수,김동준,두산,좌익수,11,9,67,0,0,11,1,0,1.000,0,0
2025,외야수,하재훈,SSG,우익수,11,10,79 1/3,1,0,13,0,0,0.929,0,0
2025,외야수,임병욱,키움,좌익수,11,7,72 1/3,0,0,18,0,0,1.000,0,0
2025,외야수,김석환,KIA,우익수,10,7,48,0,0,11,0,0,1.000,0,0
2025,외야수,김민혁,KT,중견수,10,7,42,0,0,6,1,0,1.000,0,0
2025,외야수,최성민,KT,좌익수,10,1,17 1/3,0,0,6,1,0,1.000,0,0
2025,외야수,맥브룸,SSG,우익수,10,10,72,0,0,15,0,0,1.000,0,0
2025,외야수,홍현빈,삼성,중견수,9,5,45 2/3,0,0,16,0,0,1.000,0,0
2025,외야수,김현종,LG,좌익수,9,1,14,0,0,1,0,0,1.000,0,0
2025,외야수,함창건,LG,좌익수,9,7,56,0,0,17,0,0,1.000,0,0
2025,외야수,전다민,두산,좌익수,9,0,18 1/3,0,0,2,0,0,1.000,0,0
2025,외야수,박지환,SSG,우익수,9,4,37,0,0,8,0,0,1.000,0,0
2025,외야수,한승현,롯데,우익수,9,3,30,0,0,7,1,0,1.000,0,0
2025,외야수,이상혁,한화,중견수,9,0,14,0,0,4,0,0,1.000,0,0
2025,외야수,이상혁,한화,우익수,9,0,19 2/3,0,0,2,0,0,1.000,0,0
2025,외야수,이원석,한화,우익수,61,24,279 1/3,0,0,50,4,1,1.000,0,0
2025,외야수,김성윤,삼성,중견수,60,47,432 1/3,1,0,116,3,3,0.992,0,0
2025,외야수,최원영,LG,좌익수,60,8,169 1/3,1,0,41,0,0,0.976,0,0
2025,외야수,천재환,NC,중견수,60,39,314 2/3,0,0,87,1,0,1.000,0,0
2025,외야수,리베라토,한화,중견수,58,58,479,3,0,125,7,1,0.978,0,0
2025,외야수,오선우,KIA,좌익수,56,37,333,0,0,90,2,1,1.000,0,0
2025,외야수,로하스,KT,우익수,53,49,385,3,0,76,3,1,0.963,0,0
2025,외야수,천재환,NC,좌익수,53,5,174 1/3,1,0,43,0,0,0.977,0,0
2025,외야수,천재환,NC,우익수,52,11,202,1,0,29,3,0,0.970,0,0
2025,외야수,김민석,두산,좌익수,51,36,285 1/3,2,0,62,2,1,0.970,0,0
2025,외야수,김헌곤,삼성,좌익수,49,21,201,0,0,43,0,0,1.000,0,0
2025,외야수,전준우,롯데,좌익수,49,48,384,0,0,68,4,1,1.000,0,0
2025,외야수,임지열,키움,좌익수,49,49,414,2,0,122,4,2,0.984,0,0
2025,외야수,김인태,두산,좌익수,47,34,261 1/3,1,0,62,1,1,0.984,0,0
2025,외야수,손아섭,한화,우익수,46,42,314,0,0,68,0,0,1.000,0,0
2025,외야수,최정원,NC,중견수,45,18,210,0,0,52,2,0,1.000,0,0
2025,외야수,이성규,삼성,우익수,44,21,207 2/3,2,0,49,1,1,0.962,0,0
2025,외야수,홍창기,LG,우익수,42,40,329 2/3,0,0,58,2,0,1.000,0,0
2025,외야수,카디네스,키움,우익수,42,40,322,2,0,61,4,1,0.970,0,0
2025,외야수,장진혁,KT,좌익수,41,11,159,0,0,37,3,1,1.000,0,0
2025,외야수,박주홍,키움,우익수,41,29,278 1/3,2,0,65,1,1,0.971,0,0
2025,외야수,박주홍,키움,좌익수,41,25,236 2/3,0,0,70,1,1,1.000,0,0
2025,외야수,스티븐슨,KT,중견수,39,39,331 2/3,2,0,73,2,0,0.974,0,0
2025,외야수,김재환,두산,좌익수,37,35,256 1/3,0,0,56,1,1,1.000,0,0
2025,외야수,주성원,키움,우익수,37,32,257 1/3,1,0,60,2,0,0.984,0,0
2025,외야수,이원석,한화,중견수,36,20,216,0,0,55,0,0,1.000,0,0
2025,외야수,김헌곤,삼성,우익수,35,23,216,0,0,41,0,0,1.000,0,0
2025,외야수,김태연,한화,우익수,35,23,198 2/3,1,0,49,5,2,0.982,0,0
2025,외야수,최원영,LG,중견수,34,5,78 1/3,0,0,29,0,0,1.000,0,0
2025,외야수,로하스,KT,좌익수,34,19,170 2/3,1,0,40,1,0,0.976,0,0
2025,외야수,최준우,SSG,좌익수,34,22,212,0,0,37,1,0,1.000,0,0
2025,외야수,박시원,NC,우익수,34,4,93 1/3,0,0,18,0,0,1.000,0,0
2025,외야수,이창진,KIA,좌익수,33,19,186,0,0,44,0,0,1.000,0,0
2025,외야수,박승규,삼성,중견수,32,20,177 1/3,0,0,49,1,0,1.000,0,0
2025,외야수,문성주,LG,좌익수,32,26,226,0,0,57,1,0,1.000,0,0
2025,외야수,김성욱,SSG,우익수,32,16,164 2/3,0,0,33,0,0,1.000,0,0
2025,외야수,김동혁,롯데,중견수,32,15,164,0,0,51,0,0,1.000,0,0
2025,외야수,조수행,두산,중견수,31,8,114 1/3,1,0,40,1,1,0.976,0,0
2025,외야수,레이예스,롯데,우익수,30,30,236,1,0,45,0,0,0.978,0,0
2025,외야수,김태연,한화,좌익수,30,23,178 1/3,1,0,30,1,0,0.969,0,0
2025,외야수,한석현,NC,중견수,30,20,186 2/3,1,0,49,2,0,0.981,0,0
2025,외야수,김석환,KIA,좌익수,29,26,193 2/3,0,0,44,0,0,1.000,0,0
2025,외야수,고종욱,KIA,좌익수,28,21,160 1/3,0,0,43,2,0,1.000,0,0
2025,외야수,푸이그,키움,좌익수,28,28,232,2,0,45,1,0,0.958,0,0
2025,외야수,최원영,LG,우익수,27,7,81,0,0,23,0,0,1.000,0,0
2025,외야수,장진혁,KT,우익수,27,5,77,1,0,19,0,0,0.950,0,0
2025,외야수,박승규,삼성,우익수,25,14,130,0,0,15,2,0,1.000,0,0
2025,외야수,송찬의,LG,우익수,25,17,153,0,0,29,0,0,1.000,0,0
2025,외야수,오태곤,SSG,좌익수,25,14,139,2,0,29,0,0,0.935,0,0
2025,외야수,송찬의,LG,좌익수,24,12,123 1/3,0,0,30,2,0,1.000,0,0
2025,외야수,이정훈,KT,좌익수,24,17,132,0,0,23,0,0,1.000,0,0
2025,외야수,안치영,KT,좌익수,23,9,87 2/3,0,0,22,0,0,1.000,0,0
2025,외야수,김동혁,롯데,우익수,23,8,102 2/3,0,0,29,3,2,1.000,0,0
2025,외야수,권희동,NC,우익수,23,21,117,0,0,19,1,0,1.000,0,0
2025,외야수,박정우,KIA,좌익수,22,2,49 2/3,0,0,11,0,0,1.000,0,0
2025,외야수,고승민,롯데,우익수,22,21,165 2/3,1,0,40,1,0,0.976,0,0
2025,외야수,최성민,KT,우익수,21,2,50,0,0,10,0,0,1.000,0,0
2025,외야수,오태곤,SSG,우익수,21,10,95 2/3,0,0,14,1,1,1.000,0,0
2025,외야수,김동혁,롯데,좌익수,21,1,26,0,0,8,0,0,1.000,0,0
2025,외야수,박재현,KIA,중견수,20,7,81,1,0,14,1,0,0.938,0,0
2025,외야수,장진혁,KT,중견수,20,13,109 1/3,0,0,36,1,0,1.000,0,0
2025,외야수,장두성,롯데,좌익수,20,0,37,0,0,5,0,0,1.000,0,0
2025,외야수,이원석,한화,좌익수,20,2,61 1/3,1,0,17,0,0,0.944,0,0
2025,외야수,최인호,한화,좌익수,20,9,95 1/3,0,0,13,0,0,1.000,0,0
2025,외야수,오선우,KIA,우익수,19,13,102,1,0,20,3,1,0.958,0,0
2025,외야수,윤정빈,삼성,우익수,19,10,98,0,0,20,1,0,1.000,0,0
2025,외야수,채현우,SSG,우익수,19,3,53 1/3,0,0,10,0,0,1.000,0,0
2025,외야수,최준우,SSG,우익수,19,11,98 1/3,1,0,22,0,0,0.957,0,0
2025,외야수,윤동희,롯데,중견수,19,18,121 2/3,0,0,37,0,0,1.000,0,0
2025,외야수,박수종,키움,중견수,19,6,64,1,0,21,0,0,0.955,0,0
2025,외야수,임병욱,키움,우익수,19,11,106 2/3,1,0,19,0,0,0.950,0,0
2025,외야수,박정우,KIA,중견수,18,13,92,0,0,20,0,0,1.000,0,0
2025,외야수,박정우,KIA,우익수,18,1,46 1/3,0,0,6,0,0,1.000,0,0
2025,외야수,한석현,NC,우익수,18,3,70 1/3,0,0,20,2,0,1.000,0,0
2025,외야수,박관우,LG,좌익수,17,7,57 1/3,0,0,12,0,0,1.000,0,0
2025,외야수,안치영,KT,우익수,17,1,35 1/3,0,0,10,0,0,1.000,0,0
2025,외야수,유준규,KT,좌익수,17,4,41 2/3,0,0,8,0,0,1.000,0,0
2025,외야수,김성욱,SSG,중견수,17,11,92,0,0,22,1,0,1.000,0,0
2025,외야수,임병욱,키움,중견수,17,10,81,0,0,27,0,0,1.000,0,0
2025,외야수,박재현,KIA,좌익수,16,1,38,0,0,8,0,0,1.000,0,0
2025,외야수,추재현,두산,좌익수,16,11,113 2/3,0,0,31,0,0,1.000,0,0
2025,외야수,장두성,롯데,우익수,16,8,85,1,0,22,0,0,0.957,0,0
2025,외야수,김태훈,삼성,좌익수,15,10,75 2/3,2,0,20,0,0,0.909,0,0
2025,외야수,김태훈,삼성,우익수,15,9,66,0,0,11,1,0,1.000,0,0
2025,외야수,박관우,LG,우익수,15,0,27,1,0,2,0,0,0.667,0,0
2025,외야수,안현민,KT,중견수,14,12,88 2/3,1,0,18,0,0,0.947,0,0
2025,외야수,채현우,SSG,좌익수,14,7,66,1,0,13,0,0,0.929,0,0
2025,외야수,최상민,SSG,우익수,14,0,23 2/3,0,0,6,0,0,1.000,0,0
2025,외야수,이우성,NC,우익수,14,9,91 2/3,0,0,13,0,0,1.000,0,0
2025,외야수,박주홍,키움,중견수,14,8,66,1,0,28,1,1,0.967,0,0
2025,외야수,조수행,두산,우익수,13,5,53,0,0,16,0,0,1.000,0,0
2025,외야수,임종찬,한화,우익수,13,10,86 1/3,1,0,16,0,0,0.941,0,0
2025,외야수,최정원,NC,좌익수,13,3,47 1/3,0,0,11,1,1,1.000,0,0
2025,외야수,스톤,키움,우익수,13,13,114,1,0,19,2,0,0.955,0,0
2025,외야수,전태현,키움,좌익수,13,7,60,0,0,17,0,0,1.000,0,0
2025,외야수,정해원,KIA,우익수,12,7,53 1/3,0,0,16,0,0,1.000,0,0
2025,외야수,이성규,삼성,좌익수,12,8,73,0,0,22,1,0,1.000,0,0
2025,외야수,홍현빈,삼성,좌익수,12,0,22,1,0,6,0,0,0.857,0,0
2025,외야수,최승민,LG,좌익수,12,0,19 2/3,1,0,5,0,0,0.833,0,0
2025,외야수,오태곤,SSG,중견수,12,5,49,0,0,11,0,0,1.000,0,0
2025,외야수,손아섭,한화,좌익수,12,8,47,0,0,15,1,1,1.000,0,0
2025,외야수,한석현,NC,좌익수,12,3,41 2/3,0,0,4,0,0,1.000,0,0
2025,외야수,이형종,키움,좌익수,12,10,80 2/3,0,0,21,0,0,1.000,0,0
2025,외야수,이형종,키움,우익수,12,6,63 1/3,0,0,16,1,0,1.000,0,0
2025,외야수,박승규,삼성,좌익수,11,7,65,1,0,18,0,0,0.947,0,0
2025,외야수,김동준,두산,좌익수,11,9,67,0,0,11,1,0,1.000,0,0
2025,외야수,하재훈,SSG,우익수,11,10,79 1/3,1,0,13,0,0,0.929,0,0
2025,외야수,임병욱,키움,좌익수,11,7,72 1/3,0,0,18,0,0,1.000,0,0
2025,외야수,김석환,KIA,우익수,10,7,48,0,0,11,0,0,1.000,0,0
2025,외야수,김민혁,KT,중견수,10,7,42,0,0,6,1,0,1.000,0,0
2025,외야수,최성민,KT,좌익수,10,1,17 1/3,0,0,6,1,0,1.000,0,0
2025,외야수,맥브룸,SSG,우익수,10,10,72,0,0,15,0,0,1.000,0,0
2025,외야수,홍현빈,삼성,중견수,9,5,45 2/3,0,0,16,0,0,1.000,0,0
2025,외야수,김현종,LG,좌익수,9,1,14,0,0,1,0,0,1.000,0,0
2025,외야수,함창건,LG,좌익수,9,7,56,0,0,17,0,0,1.000,0,0
2025,외야수,전다민,두산,좌익수,9,0,18 1/3,0,0,2,0,0,1.000,0,0
2025,외야수,박지환,SSG,우익수,9,4,37,0,0,8,0,0,1.000,0,0
2025,외야수,한승현,롯데,우익수,9,3,30,0,0,7,1,0,1.000,0,0
2025,외야수,이상혁,한화,중견수,9,0,14,0,0,4,0,0,1.000,0,0
2025,외야수,이상혁,한화,우익수,9,0,19 2/3,0,0,2,0,0,1.000,0,0
2026,내야수,양석환,두산,1루수,4,4,34,1,0,25,1,2,0.963,0,0
2026,내야수,브룩스,키움,1루수,4,4,35,0,0,33,3,4,1.000,0,0
2026,내야수,어준서,키움,유격수,4,4,35 2/3,2,0,8,12,3,0.909,0,0
2026,내야수,오선진,키움,3루수,4,2,13 2/3,0,0,1,2,0,1.000,0,0
2026,내야수,황영묵,한화,2루수,3,0,6,0,0,1,2,0,1.000,0,0
2026,내야수,안상현,SSG,2루수,3,0,4,0,0,0,0,0,-,0,0
2026,내야수,김한별,NC,2루수,3,0,4,1,0,2,1,0,0.750,0,0
2026,내야수,김상수,KT,2루수,3,3,27,1,0,8,8,2,0.941,0,0
2026,내야수,허경민,KT,3루수,3,3,22,1,0,2,2,0,0.800,0,0
2026,내야수,박승욱,롯데,1루수,3,0,6,0,0,3,0,0,1.000,0,0
2026,내야수,김선빈,KIA,2루수,3,3,23,0,0,1,10,1,1.000,0,0
2026,내야수,데일,KIA,유격수,3,3,24,1,0,2,3,0,0.833,0,0
2026,내야수,박준순,두산,2루수,3,2,15 1/3,1,0,6,6,3,0.923,0,0
2026,내야수,천성호,LG,3루수,2,0,5,0,0,0,1,0,1.000,0,0
2026,내야수,이도윤,한화,유격수,2,0,5,0,0,2,0,0,1.000,0,0
2026,내야수,신재인,NC,1루수,2,0,6,0,0,3,0,0,1.000,0,0
2026,내야수,오영수,NC,1루수,2,0,2,0,0,2,0,0,1.000,0,0
2026,내야수,권동진,KT,유격수,2,0,4,0,0,3,0,0,1.000,0,0
2026,내야수,오윤석,KT,1루수,2,0,2,0,0,2,0,1,1.000,0,0
2026,내야수,박민,KIA,유격수,2,1,8,0,0,3,0,0,1.000,0,0
2026,내야수,정현창,KIA,2루수,2,0,3,0,0,1,1,0,1.000,0,0
2026,내야수,강승호,두산,2루수,2,2,15,0,0,6,5,0,1.000,0,0
2026,내야수,이유찬,두산,2루수,2,0,3,0,0,1,1,0,1.000,0,0
2026,내야수,김태진,키움,3루수,2,0,4,0,0,0,1,0,1.000,0,0
2026,내야수,박한결,키움,2루수,2,2,18,0,0,3,7,2,1.000,0,0
2026,내야수,최재영,키움,2루수,2,2,16,1,0,4,6,1,0.909,0,0
2026,내야수,구본혁,LG,유격수,1,0,2,0,0,0,2,0,1.000,0,0
2026,내야수,이영빈,LG,1루수,1,0,1,0,0,0,0,0,-,0,0
2026,내야수,김태연,한화,1루수,1,0,1,0,0,0,0,0,-,0,0
2026,내야수,안상현,SSG,3루수,1,0,1,0,0,0,0,0,-,0,0
2026,내야수,오태곤,SSG,1루수,1,0,2,0,0,1,0,0,1.000,0,0
2026,내야수,홍대인,SSG,2루수,1,0,1,1,0,0,0,0,0.000,0,0
2026,내야수,심재훈,삼성,2루수,1,0,2,0,0,1,0,0,1.000,0,0
2026,내야수,양우현,삼성,2루수,1,0,2,0,0,0,1,0,1.000,0,0
2026,내야수,이해승,삼성,2루수,1,0,1,0,0,0,0,0,-,0,0
2026,내야수,이해승,삼성,유격수,1,0,2,0,0,0,0,0,-,0,0
2026,내야수,김휘집,NC,유격수,1,0,1,0,0,0,0,0,-,0,0
2026,내야수,데이비슨,NC,1루수,1,1,7,0,0,6,0,0,1.000,0,0
2026,내야수,서호철,NC,2루수,1,0,2,0,0,1,1,0,1.000,0,0
2026,내야수,신재인,NC,3루수,1,0,1,0,0,0,0,0,-,0,0
2026,내야수,류현인,KT,2루수,1,1,9,0,0,3,2,1,1.000,0,0
2026,내야수,류현인,KT,3루수,1,0,5,1,0,1,2,1,0.750,0,0
2026,내야수,오윤석,KT,3루수,1,1,9,0,0,1,1,0,1.000,0,0
2026,내야수,이호준,롯데,유격수,1,0,5,0,0,1,3,0,1.000,0,0
2026,내야수,김규성,KIA,1루수,1,0,1,0,0,2,0,0,1.000,0,0
2026,내야수,김규성,KIA,2루수,1,0,1/3,0,0,0,0,0,-,0,0
2026,내야수,김규성,KIA,3루수,1,0,1/3,0,0,0,0,0,-,0,0
2026,내야수,박민,KIA,2루수,1,1,7,0,0,1,2,0,1.000,0,0
2026,내야수,오선우,KIA,1루수,1,0,6,0,0,6,0,0,1.000,0,0
2026,내야수,정현창,KIA,유격수,1,0,1 1/3,0,0,0,0,0,-,0,0
2026,내야수,오명진,두산,1루수,1,0,2,0,0,1,0,1,1.000,0,0
2026,내야수,오명진,두산,2루수,1,0,2 2/3,0,0,1,0,0,1.000,0,0
2026,내야수,이유찬,두산,유격수,1,0,2,0,0,1,1,1,1.000,0,0
2026,내야수,김태진,키움,2루수,1,0,1 2/3,0,0,0,1,0,1.000,0,0
2026,내야수,최재영,키움,3루수,1,1,8,0,0,1,1,1,1.000,0,0
2026,내야수,최주환,키움,1루수,1,0,2/3,0,0,0,0,0,-,0,0
2026,내야수,최주환,키움,3루수,1,1,10,0,0,1,1,1,1.000,0,0
2026,외야수,박정우,KIA,좌익수,1,0,1/3,0,0,0,0,0,-,0,0
2026,외야수,이창진,KIA,우익수,1,1,5,0,0,2,0,0,1.000,0,0
2026,외야수,박지훈,두산,좌익수,1,1,3,0,0,0,0,0,-,0,0
2026,외야수,조수행,두산,좌익수,1,0,4,0,0,1,0,0,1.000,0,0
2026,외야수,조수행,두산,중견수,1,0,2,0,0,0,0,0,-,0,0
2026,외야수,조수행,두산,우익수,1,0,3,0,0,1,0,0,1.000,0,0
2026,외야수,카메론,두산,우익수,1,1,3,0,0,0,0,0,-,0,0
2026,외야수,박수종,키움,좌익수,1,0,1,0,0,0,0,0,-,0,0
2026,외야수,박수종,키움,중견수,1,0,1,0,0,1,0,0,1.000,0,0
2026,외야수,박찬혁,키움,우익수,1,1,8,0,0,1,0,0,1.000,0,0
2026,외야수,김헌곤,삼성,우익수,2,1,11,0,0,4,0,0,1.000,0,0
2026,외야수,고준휘,NC,좌익수,2,0,4 1/3,0,0,1,0,0,1.000,0,0
2026,외야수,권희동,NC,좌익수,2,2,10,0,0,4,0,0,1.000,0,0
2026,외야수,이우성,NC,좌익수,2,2,15,0,0,2,0,0,1.000,0,0
2026,외야수,천재환,NC,좌익수,2,0,6 2/3,0,0,1,0,0,1.000,0,0
2026,외야수,천재환,NC,우익수,2,1,8 1/3,1,0,2,0,0,0.667,0,0
2026,외야수,한석현,NC,우익수,2,0,5,0,0,0,0,0,-,0,0
2026,외야수,배정대,KT,중견수,2,0,3,0,0,0,0,0,-,0,0
2026,외야수,레이예스,롯데,좌익수,2,2,16 1/3,0,0,1,0,0,1.000,0,0
2026,외야수,전준우,롯데,좌익수,2,2,14,0,0,5,0,0,1.000,0,0
2026,외야수,박정우,KIA,우익수,2,0,8,0,0,2,0,0,1.000,0,0
2026,외야수,이형종,키움,우익수,2,2,15,0,0,2,0,0,1.000,0,0
2026,외야수,임지열,키움,좌익수,2,2,15,0,0,1,0,0,1.000,0,0
2026,외야수,추재현,키움,우익수,2,1,12 2/3,0,0,4,0,0,1.000,0,0
2026,외야수,송찬의,LG,우익수,1,0,3,0,0,0,0,0,-,0,0
2026,외야수,이재원,LG,좌익수,1,0,3,0,0,1,0,0,1.000,0,0
2026,외야수,최원영,LG,중견수,1,0,3,0,0,0,0,0,-,0,0
2026,외야수,최인호,한화,우익수,1,0,1,0,0,1,0,0,1.000,0,0
2026,외야수,오태곤,SSG,우익수,1,0,2,0,0,0,0,0,-,0,0
2026,외야수,채현우,SSG,좌익수,1,0,1,0,0,1,0,0,1.000,0,0
2026,외야수,함수호,삼성,좌익수,1,0,2,0,0,0,0,0,-,0,0
2026,외야수,고준휘,NC,우익수,1,0,2/3,0,0,0,0,0,-,0,0
2026,외야수,천재환,NC,중견수,1,0,3,0,0,1,0,0,1.000,0,0
2026,외야수,장진혁,KT,좌익수,1,0,3,0,0,0,0,0,-,0,0
2026,외야수,최원준,KT,우익수,1,0,1,0,0,0,0,0,-,0,0
2026,외야수,신윤후,롯데,좌익수,1,0,2,0,0,1,0,0,1.000,0,0
2026,외야수,신윤후,롯데,중견수,1,0,0,0,0,0,0,0,-,0,0
2026,외야수,황성빈,롯데,좌익수,1,0,2,0,0,1,0,0,1.000,0,0
2026,외야수,나성범,KIA,우익수,1,1,8,0,0,3,0,0,1.000,0,0
2026,외야수,박재현,KIA,우익수,1,0,1/3,0,0,0,0,0,-,0,0
2026,외야수,박정우,KIA,좌익수,1,0,1/3,0,0,0,0,0,-,0,0
2026,외야수,이창진,KIA,우익수,1,1,5,0,0,2,0,0,1.000,0,0
2026,외야수,박지훈,두산,좌익수,1,1,3,0,0,0,0,0,-,0,0
2026,외야수,조수행,두산,좌익수,1,0,4,0,0,1,0,0,1.000,0,0
2026,외야수,조수행,두산,중견수,1,0,2,0,0,0,0,0,-,0,0
2026,외야수,조수행,두산,우익수,1,0,3,0,0,1,0,0,1.000,0,0
2026,외야수,카메론,두산,우익수,1,1,3,0,0,0,0,0,-,0,0
2026,외야수,박수종,키움,좌익수,1,0,1,0,0,0,0,0,-,0,0
2026,외야수,박수종,키움,중견수,1,0,1,0,0,1,0,0,1.000,0,0
2026,외야수,박찬혁,키움,우익수,1,1,8,0,0,1,0,0,1.000,0,0
