,year,position,name,team,avg,bb,ibb,hbp,so,gdp,slg,obp,ops,mh,risp,ph_ba
0,2022,포수,이병헌,삼성,0.750,0,0,0,1,0,1.000,0.750,1.750,1,0.500,0.000
1,2022,포수,권다결,KIA,0.500,0,0,0,0,0,0.500,0.500,1.000,0,0.500,0.000
2,2022,포수,김재성,삼성,0.335,18,0,2,40,4,0.453,0.402,0.855,14,0.311,0.286
3,2022,포수,안승한,두산,0.333,2,0,0,12,0,0.417,0.368,0.785,2,0.385,1.000
4,2022,포수,김선우,KIA,0.333,0,0,1,0,0,0.333,0.500,0.833,0,0.000,0.000
5,2022,포수,김태군,삼성,0.298,17,0,4,34,15,0.380,0.358,0.738,8,0.310,0.435
6,2022,포수,양의지,NC,0.283,60,6,13,48,16,0.480,0.380,0.860,28,0.350,0.667
7,2022,포수,김준태,KT,0.273,33,1,0,77,4,0.403,0.360,0.763,16,0.250,0.182
8,2022,포수,이지영,키움,0.267,20,2,2,44,16,0.331,0.303,0.634,26,0.262,0.364
9,2022,포수,장성우,KT,0.260,52,2,2,79,12,0.439,0.353,0.792,26,0.277,0.100
10,2022,포수,강민호,삼성,0.258,41,4,3,58,21,0.409,0.330,0.739,19,0.287,0.400
11,2022,포수,유강남,LG,0.255,34,1,11,98,9,0.351,0.326,0.677,27,0.255,0.385
12,2022,포수,박세혁,두산,0.248,33,1,6,71,4,0.316,0.320,0.636,18,0.354,0.200
13,2022,포수,허도환,LG,0.247,2,0,2,26,2,0.341,0.281,0.622,5,0.174,0.000
14,2022,포수,박동원,KIA,0.242,45,4,9,95,9,0.436,0.334,0.770,21,0.234,0.077
15,2022,포수,박유연,두산,0.235,1,0,1,5,1,0.235,0.316,0.551,0,0.250,0.333
16,2022,포수,박상언,한화,0.224,11,0,0,28,2,0.366,0.281,0.647,6,0.244,0.500
17,2022,포수,최재훈,한화,0.223,44,0,21,65,17,0.302,0.339,0.641,19,0.263,0.500
18,2022,포수,김기연,LG,0.222,0,0,0,3,0,0.222,0.222,0.444,0,0.500,0.000
19,2022,포수,김민식,SSG,0.221,32,1,2,45,4,0.297,0.320,0.617,8,0.254,0.167
20,2022,포수,허관회,한화,0.217,1,0,0,7,2,0.304,0.250,0.554,0,0.000,0.250
21,2022,포수,지시완,롯데,0.213,20,1,2,55,7,0.305,0.299,0.604,6,0.227,0.313
22,2022,포수,장승현,두산,0.208,5,0,4,27,2,0.240,0.274,0.514,4,0.241,0.000
23,2022,포수,김재현,키움,0.207,2,0,1,19,3,0.293,0.233,0.526,3,0.286,0.000
24,2022,포수,이재원,SSG,0.201,25,1,8,44,13,0.278,0.296,0.574,5,0.208,0.125
25,2022,포수,이재용,NC,0.200,1,0,0,2,1,0.800,0.333,1.133,0,1.000,0.000
26,2022,포수,백용환,한화,0.200,0,0,0,1,0,0.400,0.200,0.600,0,0.000,0.000
27,2022,포수,정보근,롯데,0.191,14,0,2,55,4,0.216,0.250,0.466,6,0.208,0.000
28,2022,포수,박대온,NC,0.181,0,0,2,37,4,0.236,0.192,0.428,5,0.194,0.000
29,2022,포수,한승택,KIA,0.176,9,0,3,30,2,0.225,0.261,0.486,3,0.160,0.250
30,2022,포수,조형우,SSG,0.167,1,0,0,3,0,0.250,0.231,0.481,1,1.000,0.000
31,2022,포수,허인서,한화,0.167,1,0,0,8,0,0.167,0.211,0.378,0,0.000,0.000
32,2022,포수,안중열,롯데,0.155,11,0,2,19,2,0.239,0.286,0.525,2,0.000,0.167
33,2022,포수,정범모,NC,0.143,0,0,0,1,0,0.143,0.143,0.286,0,0.500,0.000
34,2022,포수,김응민,NC,0.134,3,0,2,12,3,0.194,0.192,0.386,1,0.105,0.000
35,2022,포수,이현석,SSG,0.133,0,0,0,5,1,0.133,0.133,0.266,0,0.250,0.250
36,2022,포수,이흥련,SSG,0.133,5,0,2,22,2,0.178,0.250,0.428,0,0.111,0.000
37,2022,포수,강태율,롯데,0.094,2,0,1,9,2,0.125,0.171,0.296,0,0.100,0.000
38,2022,포수,김시앙,키움,0.083,1,0,0,8,1,0.083,0.154,0.237,0,0.000,0.000
39,2022,포수,문상인,KT,0.000,0,0,0,2,1,0.000,0.000,0.000,0,0.000,0.000
40,2022,포수,조대현,KT,0.000,0,0,0,3,0,0.000,0.000,0.000,0,0.000,0.000
41,2022,포수,최용제,두산,-,0,0,1,0,0,-,1.000,1.000,0,0.000,0.000
42,2022,포수,박재욱,LG,-,0,0,0,0,0,-,-,-,0,0.000,0.000
43,2022,포수,전경원,SSG,0.000,0,0,0,0,0,0.000,0.000,0.000,0,0.000,0.000
44,2022,포수,신범수,KIA,0.000,0,0,0,1,0,0.000,0.000,0.000,0,0.000,0.000
45,2022,포수,이정훈,KIA,0.000,2,0,0,3,0,0.000,0.200,0.200,0,0.000,0.000
46,2022,포수,이해창,한화,0.000,0,0,0,2,1,0.000,0.000,0.000,0,0.000,0.000
47,2022,내야수,강승호,두산,0.264,29,0,3,100,8,0.399,0.310,0.709,34,0.299,0.250
48,2022,내야수,변우혁,한화,0.262,0,0,0,21,3,0.459,0.262,0.721,4,0.176,0.333
49,2022,내야수,황재균,KT,0.262,53,5,5,99,17,0.380,0.335,0.715,36,0.303,0.000
50,2022,내야수,김인환,한화,0.261,24,2,3,111,4,0.417,0.305,0.722,26,0.203,0.273
51,2022,내야수,하주석,한화,0.258,31,1,3,126,4,0.342,0.309,0.651,29,0.255,0.750
52,2022,내야수,김정율,롯데,0.257,9,0,4,48,2,0.300,0.320,0.620,7,0.333,0.500
53,2022,내야수,손호영,LG,0.257,6,0,0,14,2,0.432,0.309,0.741,4,0.455,1.000
54,2022,내야수,황대인,KIA,0.256,36,2,7,92,20,0.401,0.315,0.716,34,0.296,0.000
55,2022,내야수,김상수,삼성,0.251,18,0,1,44,6,0.323,0.305,0.628,14,0.300,0.400
56,2022,내야수,송승환,두산,0.250,0,0,0,7,0,0.393,0.250,0.643,1,0.182,0.667
57,2022,내야수,김동진,삼성,0.250,0,0,0,2,0,0.500,0.250,0.750,0,0.000,0.000
58,2022,내야수,이상호,LG,0.250,4,0,1,6,1,0.278,0.299,0.577,1,0.150,0.286
59,2022,내야수,이명기,키움,0.250,0,0,0,2,0,0.250,0.250,0.500,0,0.000,0.000
60,2022,내야수,이재홍,키움,0.250,0,0,0,2,0,0.250,0.250,0.500,0,0.000,0.000
61,2022,내야수,최준우,SSG,0.250,3,0,0,3,0,0.250,0.375,0.625,1,0.000,0.333
62,2022,내야수,전의산,SSG,0.249,24,3,0,84,6,0.481,0.316,0.797,15,0.323,0.300
63,2022,내야수,송성문,키움,0.247,45,6,1,65,8,0.371,0.302,0.673,31,0.269,0.000
64,2022,내야수,장준원,KT,0.246,3,0,0,17,5,0.439,0.283,0.722,2,0.364,0.500
65,2022,내야수,정훈,롯데,0.245,32,0,2,66,6,0.303,0.317,0.620,18,0.235,0.231
66,2022,내야수,강백호,KT,0.245,23,2,1,44,6,0.371,0.312,0.683,18,0.230,0.000
67,2022,내야수,양석환,두산,0.244,32,3,7,101,3,0.432,0.309,0.741,23,0.245,0.000
68,2022,내야수,이호연,롯데,0.244,11,1,2,38,5,0.332,0.289,0.621,11,0.222,0.167
69,2022,내야수,박정현,한화,0.244,12,0,1,56,2,0.317,0.289,0.606,12,0.276,0.222
70,2022,내야수,이유찬,두산,0.241,0,0,0,12,0,0.345,0.233,0.578,2,0.000,0.000
71,2022,내야수,심우준,KT,0.240,43,0,2,75,11,0.302,0.316,0.618,23,0.175,0.333
72,2022,내야수,오영수,NC,0.238,22,0,3,58,4,0.359,0.309,0.668,12,0.300,0.300
73,2022,내야수,김도영,KIA,0.237,22,0,3,62,3,0.362,0.312,0.674,12,0.259,0.222
74,2022,내야수,송찬의,LG,0.236,2,0,3,24,0,0.417,0.282,0.699,4,0.294,0.000
75,2022,내야수,이재현,삼성,0.235,5,0,1,44,6,0.343,0.254,0.597,13,0.250,0.000
76,2022,내야수,오윤석,KT,0.234,34,0,6,69,9,0.343,0.322,0.665,14,0.186,0.333
77,2022,내야수,강승호,두산,0.264,29,0,3,100,8,0.399,0.310,0.709,34,0.299,0.250
78,2022,내야수,변우혁,한화,0.262,0,0,0,21,3,0.459,0.262,0.721,4,0.176,0.333
79,2022,내야수,황재균,KT,0.262,53,5,5,99,17,0.380,0.335,0.715,36,0.303,0.000
80,2022,내야수,김인환,한화,0.261,24,2,3,111,4,0.417,0.305,0.722,26,0.203,0.273
81,2022,내야수,하주석,한화,0.258,31,1,3,126,4,0.342,0.309,0.651,29,0.255,0.750
82,2022,내야수,김정율,롯데,0.257,9,0,4,48,2,0.300,0.320,0.620,7,0.333,0.500
83,2022,내야수,손호영,LG,0.257,6,0,0,14,2,0.432,0.309,0.741,4,0.455,1.000
84,2022,내야수,황대인,KIA,0.256,36,2,7,92,20,0.401,0.315,0.716,34,0.296,0.000
85,2022,내야수,김상수,삼성,0.251,18,0,1,44,6,0.323,0.305,0.628,14,0.300,0.400
86,2022,내야수,송승환,두산,0.250,0,0,0,7,0,0.393,0.250,0.643,1,0.182,0.667
87,2022,내야수,김동진,삼성,0.250,0,0,0,2,0,0.500,0.250,0.750,0,0.000,0.000
88,2022,내야수,이상호,LG,0.250,4,0,1,6,1,0.278,0.299,0.577,1,0.150,0.286
89,2022,내야수,이명기,키움,0.250,0,0,0,2,0,0.250,0.250,0.500,0,0.000,0.000
90,2022,내야수,이재홍,키움,0.250,0,0,0,2,0,0.250,0.250,0.500,0,0.000,0.000
91,2022,내야수,최준우,SSG,0.250,3,0,0,3,0,0.250,0.375,0.625,1,0.000,0.333
92,2022,내야수,전의산,SSG,0.249,24,3,0,84,6,0.481,0.316,0.797,15,0.323,0.300
93,2022,내야수,송성문,키움,0.247,45,6,1,65,8,0.371,0.302,0.673,31,0.269,0.000
94,2022,내야수,장준원,KT,0.246,3,0,0,17,5,0.439,0.283,0.722,2,0.364,0.500
95,2022,내야수,정훈,롯데,0.245,32,0,2,66,6,0.303,0.317,0.620,18,0.235,0.231
96,2022,내야수,강백호,KT,0.245,23,2,1,44,6,0.371,0.312,0.683,18,0.230,0.000
97,2022,내야수,양석환,두산,0.244,32,3,7,101,3,0.432,0.309,0.741,23,0.245,0.000
98,2022,내야수,이호연,롯데,0.244,11,1,2,38,5,0.332,0.289,0.621,11,0.222,0.167
99,2022,내야수,박정현,한화,0.244,12,0,1,56,2,0.317,0.289,0.606,12,0.276,0.222
100,2022,내야수,이유찬,두산,0.241,0,0,0,12,0,0.345,0.233,0.578,2,0.000,0.000
101,2022,내야수,심우준,KT,0.240,43,0,2,75,11,0.302,0.316,0.618,23,0.175,0.333
102,2022,내야수,오영수,NC,0.238,22,0,3,58,4,0.359,0.309,0.668,12,0.300,0.300
103,2022,내야수,김도영,KIA,0.237,22,0,3,62,3,0.362,0.312,0.674,12,0.259,0.222
104,2022,내야수,송찬의,LG,0.236,2,0,3,24,0,0.417,0.282,0.699,4,0.294,0.000
105,2022,내야수,이재현,삼성,0.235,5,0,1,44,6,0.343,0.254,0.597,13,0.250,0.000
106,2022,내야수,오윤석,KT,0.234,34,0,6,69,9,0.343,0.322,0.665,14,0.186,0.333
107,2022,내야수,이해승,삼성,0.232,1,0,0,29,1,0.263,0.240,0.503,6,0.286,0.000
108,2022,내야수,박승욱,롯데,0.227,16,0,2,69,1,0.298,0.292,0.590,11,0.255,0.000
109,2022,내야수,김웅빈,키움,0.226,13,1,4,38,2,0.313,0.326,0.639,4,0.129,0.231
110,2022,내야수,서건창,LG,0.224,20,0,4,44,5,0.306,0.299,0.605,10,0.172,0.200
111,2022,내야수,김주원,NC,0.223,30,1,14,89,4,0.388,0.331,0.719,13,0.293,0.333
112,2022,내야수,김휘집,키움,0.222,39,0,14,115,6,0.336,0.326,0.662,14,0.177,0.000
113,2022,내야수,김재현,SSG,0.222,0,0,0,3,2,0.278,0.222,0.500,1,0.222,0.000
114,2022,내야수,석정우,SSG,0.222,0,0,0,3,0,0.222,0.222,0.444,0,0.000,0.000
115,2022,내야수,크론,SSG,0.222,9,0,3,68,3,0.420,0.255,0.675,13,0.158,0.000
116,2022,내야수,박계범,두산,0.221,12,1,3,40,1,0.317,0.290,0.607,3,0.156,0.000
117,2022,내야수,김성현,SSG,0.219,31,0,3,36,13,0.275,0.295,0.570,14,0.238,0.333
118,2022,내야수,박준영,NC,0.216,27,0,1,54,6,0.322,0.308,0.630,11,0.179,0.000
119,2022,내야수,도태훈,NC,0.216,13,0,1,23,5,0.309,0.282,0.591,6,0.086,0.167
120,2022,내야수,김재호,두산,0.215,28,0,2,33,5,0.260,0.304,0.564,8,0.149,0.200
121,2022,내야수,유준규,KT,0.214,1,0,0,6,0,0.214,0.267,0.481,1,0.250,0.000
122,2022,내야수,안재석,두산,0.213,19,1,4,71,5,0.294,0.281,0.575,8,0.217,0.500
123,2022,내야수,최주환,SSG,0.211,29,2,4,55,5,0.362,0.288,0.650,15,0.195,0.125
124,2022,내야수,윤형준,NC,0.209,1,0,1,21,1,0.269,0.232,0.501,2,0.333,0.267
125,2022,내야수,김민성,LG,0.207,10,0,3,27,4,0.300,0.273,0.573,4,0.211,0.214
126,2022,내야수,이학주,롯데,0.207,16,0,2,54,3,0.302,0.263,0.565,9,0.190,0.000
127,2022,내야수,가르시아,LG,0.206,19,0,1,40,4,0.353,0.308,0.661,8,0.200,0.000
128,2022,내야수,서호철,NC,0.205,12,0,4,41,6,0.277,0.265,0.542,9,0.137,0.143
129,2022,내야수,전병우,키움,0.203,17,0,7,68,5,0.315,0.288,0.603,9,0.103,0.286
130,2022,내야수,김병희,KT,0.203,7,0,3,26,2,0.270,0.294,0.564,3,0.190,0.273
131,2022,내야수,김주형,키움,0.200,4,0,13,29,4,0.309,0.305,0.614,4,0.000,0.500
132,2022,내야수,이성곤,한화,0.192,17,0,0,32,0,0.242,0.308,0.550,3,0.091,0.125
133,2022,내야수,최영진,삼성,0.188,8,0,2,20,2,0.313,0.278,0.591,3,0.182,0.250
134,2022,내야수,이영빈,LG,0.184,7,0,0,25,3,0.263,0.253,0.516,2,0.077,0.105
135,2022,내야수,신본기,KT,0.182,10,0,2,28,5,0.231,0.254,0.485,3,0.179,0.400
136,2022,내야수,김규성,KIA,0.180,1,0,0,12,0,0.280,0.196,0.476,0,0.077,0.000
137,2022,내야수,김수환,키움,0.179,21,0,3,56,0,0.307,0.297,0.604,5,0.107,0.167
138,2022,내야수,이태훈,삼성,0.176,1,0,0,6,0,0.176,0.222,0.398,1,0.000,0.167
139,2022,내야수,오재원,두산,0.172,1,0,0,9,1,0.241,0.194,0.435,0,0.111,0.000
140,2022,내야수,서예일,두산,0.160,1,0,0,6,1,0.200,0.192,0.392,0,0.167,0.000
141,2022,내야수,이도윤,한화,0.159,8,0,0,30,1,0.248,0.213,0.461,2,0.208,0.100
142,2022,내야수,공민규,삼성,0.158,1,0,1,10,0,0.158,0.227,0.385,0,0.167,0.000
143,2022,내야수,안상현,SSG,0.158,5,0,1,12,2,0.316,0.273,0.589,0,0.273,0.250
144,2022,내야수,루이즈,LG,0.155,9,0,0,13,5,0.262,0.234,0.496,1,0.176,0.000
145,2022,내야수,윤동희,롯데,0.154,0,0,0,2,1,0.231,0.154,0.385,1,0.000,0.000
146,2022,내야수,안주형,삼성,0.150,1,0,0,6,0,0.150,0.182,0.332,0,0.125,1.000
147,2022,내야수,박석민,NC,0.149,9,0,1,8,3,0.191,0.298,0.489,2,0.000,0.000
148,2022,내야수,한태양,롯데,0.148,5,0,2,24,1,0.164,0.235,0.399,1,0.273,0.000
149,2022,내야수,김호재,삼성,0.143,1,0,0,9,1,0.179,0.172,0.351,0,0.143,0.000
150,2022,내야수,신준우,키움,0.140,7,0,2,19,0,0.209,0.288,0.497,0,0.091,0.000
151,2022,내야수,김영웅,삼성,0.133,0,0,0,7,0,0.333,0.133,0.466,0,0.000,0.000
152,2022,내야수,권동진,KT,0.132,1,0,0,16,0,0.211,0.154,0.365,0,0.091,0.000
153,2022,내야수,정민규,한화,0.130,0,0,1,11,0,0.130,0.167,0.297,0,0.000,0.000
154,2022,내야수,배성근,롯데,0.128,2,0,0,12,3,0.154,0.171,0.325,1,0.167,0.000
155,2022,내야수,박경수,KT,0.120,24,0,1,70,3,0.193,0.234,0.427,1,0.122,0.176
156,2022,내야수,김수윤,NC,0.118,1,0,0,7,0,0.353,0.167,0.520,0,0.333,0.000
157,2022,내야수,최항,SSG,0.100,2,0,1,7,0,0.100,0.208,0.308,1,0.000,0.000
158,2022,내야수,김한별,NC,0.095,0,0,0,6,0,0.095,0.095,0.190,0,0.000,0.000
159,2022,내야수,최정용,KIA,0.091,0,0,0,6,0,0.091,0.091,0.182,0,0.000,0.250
160,2022,내야수,신성현,두산,0.087,2,0,0,5,2,0.217,0.160,0.377,0,0.125,0.000
161,2022,내야수,이성규,삼성,0.074,5,0,2,8,1,0.074,0.265,0.339,0,0.143,0.500
162,2022,내야수,임석진,KIA,0.071,2,0,1,9,1,0.286,0.235,0.521,0,0.000,1.000
163,2022,내야수,고명성,KT,-,0,0,0,0,0,-,-,-,0,0.000,0.000
164,2022,내야수,양승혁,KT,0.000,0,0,0,1,0,0.000,0.000,0.000,0,0.000,0.000
165,2022,내야수,권민석,두산,0.000,0,0,0,1,0,0.000,0.000,0.000,0,0.000,0.000
166,2022,내야수,김호은,LG,0.000,0,0,0,1,0,0.000,0.000,0.000,0,0.000,0.000
167,2022,내야수,강민국,키움,0.000,1,0,0,1,0,0.000,0.250,0.250,0,0.000,0.000
168,2022,내야수,오태양,NC,0.000,0,0,1,1,0,0.000,0.250,0.250,0,0.000,0.000
169,2022,내야수,김세민,롯데,0.000,1,0,0,0,0,0.000,0.500,0.500,0,0.000,0.000
170,2022,내야수,박민,KIA,0.000,0,0,0,0,0,0.000,0.000,0.000,0,0.000,0.000
171,2022,외야수,김민혁,KT,0.284,37,2,2,62,10,0.322,0.349,0.671,20,0.279,0.296
172,2022,외야수,고종욱,KIA,0.283,7,0,0,21,2,0.425,0.327,0.752,6,0.296,0.297
173,2022,외야수,손아섭,NC,0.277,59,2,3,76,9,0.367,0.347,0.714,45,0.300,0.000
174,2022,외야수,푸이그,키움,0.277,58,1,12,100,6,0.474,0.367,0.841,37,0.268,0.000
175,2022,외야수,김현준,삼성,0.275,45,0,6,80,1,0.350,0.365,0.715,23,0.278,0.333
176,2022,외야수,전민수,NC,0.275,1,0,0,14,0,0.325,0.293,0.618,2,0.200,0.500
177,2022,외야수,임지열,키움,0.275,10,0,2,43,2,0.344,0.331,0.675,10,0.306,0.500
178,2022,외야수,이정범,SSG,0.273,0,0,0,2,0,0.273,0.273,0.546,0,0.500,0.667
179,2022,외야수,김호령,KIA,0.273,7,0,0,22,4,0.351,0.333,0.684,5,0.222,0.250
180,2022,외야수,배정대,KT,0.266,54,0,4,126,2,0.356,0.339,0.695,34,0.281,0.333
181,2022,외야수,최형우,KIA,0.264,73,5,1,92,9,0.421,0.366,0.787,33,0.282,0.286
182,2022,외야수,한유섬,SSG,0.264,66,6,16,137,8,0.478,0.372,0.850,31,0.284,0.111
183,2022,외야수,이형종,LG,0.264,5,0,1,10,0,0.321,0.323,0.644,0,0.231,0.364
184,2022,외야수,이명기,NC,0.260,30,0,3,56,8,0.317,0.331,0.648,20,0.253,0.167
185,2022,외야수,정수빈,두산,0.259,39,1,1,56,2,0.331,0.323,0.654,29,0.237,0.000
186,2022,외야수,추신수,SSG,0.259,71,1,13,100,6,0.430,0.382,0.812,29,0.299,0.250
187,2022,외야수,라모스,KT,0.250,4,0,2,18,2,0.417,0.304,0.721,3,0.100,0.000
188,2022,외야수,김재환,두산,0.248,61,4,4,133,5,0.460,0.340,0.800,22,0.271,0.333
189,2022,외야수,김인태,두산,0.247,41,1,3,47,6,0.336,0.366,0.702,11,0.246,0.250
190,2022,외야수,양찬열,두산,0.244,11,0,0,23,2,0.402,0.333,0.735,3,0.238,0.500
191,2022,외야수,김재혁,삼성,0.242,4,0,1,9,0,0.273,0.333,0.606,1,0.250,0.250
192,2022,외야수,김태연,한화,0.240,48,1,5,106,9,0.337,0.325,0.662,25,0.239,0.000
193,2022,외야수,김대한,두산,0.240,5,0,6,27,0,0.448,0.315,0.763,2,0.222,0.500
194,2022,외야수,장운호,한화,0.238,17,1,3,24,2,0.287,0.340,0.627,7,0.244,0.167
195,2022,외야수,홍현빈,KT,0.237,10,0,0,26,1,0.263,0.326,0.589,2,0.087,1.000
196,2022,외야수,조수행,두산,0.235,10,0,1,31,4,0.311,0.295,0.606,3,0.219,0.000
197,2022,외야수,신윤후,롯데,0.235,4,0,1,15,0,0.441,0.288,0.729,2,0.176,0.400
198,2022,외야수,장진혁,한화,0.233,12,0,0,28,1,0.302,0.298,0.600,6,0.209,0.000
199,2022,외야수,오태곤,SSG,0.232,15,1,9,68,3,0.338,0.293,0.631,15,0.257,0.286
200,2022,외야수,오준혁,SSG,0.230,5,0,0,15,4,0.262,0.288,0.550,2,0.286,0.167
201,2022,외야수,노수광,한화,0.229,32,1,1,107,2,0.362,0.299,0.661,19,0.258,0.231
202,2022,외야수,피터스,롯데,0.228,26,1,8,77,5,0.402,0.299,0.701,18,0.215,0.000
203,2022,외야수,권희동,NC,0.227,31,1,8,44,3,0.319,0.335,0.654,13,0.218,0.000
204,2022,외야수,권광민,한화,0.225,13,0,1,30,0,0.296,0.345,0.641,1,0.263,0.000
205,2022,외야수,문상철,KT,0.224,3,0,0,17,2,0.408,0.269,0.677,2,0.083,0.188
206,2022,외야수,박주홍,키움,0.224,8,1,0,18,1,0.286,0.333,0.619,2,0.111,0.000
207,2022,외야수,이재원,LG,0.224,18,2,12,77,3,0.453,0.316,0.769,10,0.262,0.286
208,2022,외야수,추재현,롯데,0.224,7,0,1,17,1,0.293,0.318,0.611,1,0.250,0.250
209,2022,외야수,한석현,LG,0.222,0,0,0,3,0,0.222,0.222,0.444,0,0.000,0.000
210,2022,외야수,김기환,NC,0.221,13,0,2,38,0,0.283,0.310,0.593,4,0.241,0.000
211,2022,외야수,김동엽,삼성,0.221,4,0,0,22,1,0.337,0.250,0.587,4,0.133,0.250
212,2022,외야수,박승규,삼성,0.216,3,0,0,15,0,0.243,0.244,0.487,2,0.211,0.250
213,2022,외야수,하재훈,SSG,0.215,4,0,1,40,0,0.458,0.246,0.704,2,0.172,0.278
214,2022,외야수,박찬혁,키움,0.211,9,0,5,67,1,0.354,0.274,0.628,4,0.237,0.000
215,2022,외야수,이천웅,LG,0.200,3,0,0,3,0,0.200,0.304,0.504,0,0.000,0.154
216,2022,외야수,최민창,LG,0.200,0,0,0,1,0,0.200,0.200,0.400,0,0.000,0.000
217,2022,외야수,이진영,한화,0.200,17,0,0,90,4,0.373,0.254,0.627,11,0.222,0.375
218,2022,외야수,이용규,키움,0.199,45,0,7,42,7,0.221,0.326,0.547,12,0.211,0.154
219,2022,외야수,김준완,키움,0.192,64,0,8,71,4,0.246,0.339,0.585,12,0.219,0.000
220,2022,외야수,김헌곤,삼성,0.192,9,0,1,22,10,0.241,0.224,0.465,12,0.184,0.250
221,2022,외야수,김성윤,삼성,0.190,5,0,1,10,0,0.333,0.292,0.625,0,0.125,0.250
222,2022,외야수,정진기,NC,0.189,6,0,0,19,1,0.283,0.271,0.554,0,0.231,0.273
223,2022,외야수,임종찬,한화,0.189,3,1,0,23,1,0.321,0.228,0.549,2,0.222,0.000
224,2022,외야수,조세진,롯데,0.186,1,0,0,25,4,0.221,0.195,0.416,4,0.222,0.125
225,2022,외야수,이병규,키움,0.184,2,0,0,11,0,0.263,0.225,0.488,1,0.250,0.000
226,2022,외야수,장두성,롯데,0.174,5,0,0,11,0,0.174,0.321,0.495,0,0.000,0.000
227,2022,외야수,이주형,키움,0.169,10,0,3,27,0,0.211,0.294,0.505,0,0.143,0.111
228,2022,외야수,홍성호,두산,0.167,1,0,0,7,1,0.167,0.211,0.378,1,0.000,0.000
229,2022,외야수,강진성,두산,0.163,11,1,2,20,2,0.225,0.280,0.505,2,0.217,0.273
230,2022,외야수,박준태,키움,0.157,11,0,2,33,0,0.257,0.289,0.546,0,0.235,0.000
231,2022,외야수,송민섭,KT,0.156,5,0,0,19,0,0.234,0.217,0.451,1,0.214,0.182
232,2022,외야수,김석환,KIA,0.149,10,0,3,32,1,0.266,0.252,0.518,3,0.125,0.071
233,2022,외야수,천재환,NC,0.143,0,0,1,11,1,0.257,0.167,0.424,0,0.000,0.286
234,2022,외야수,김민수,롯데,0.143,0,0,0,4,0,0.143,0.143,0.286,0,0.333,0.000
235,2022,외야수,송준석,삼성,0.138,1,0,1,5,1,0.138,0.194,0.332,0,0.143,0.000
236,2022,외야수,이시원,KT,0.133,0,0,1,4,0,0.133,0.188,0.321,0,0.200,0.500
237,2022,외야수,유로결,한화,0.133,4,0,1,9,1,0.133,0.200,0.333,1,0.235,0.000
238,2022,외야수,김성표,삼성,0.118,1,0,0,5,0,0.118,0.167,0.285,0,0.000,0.000
239,2022,외야수,이원석,한화,0.114,3,0,0,18,1,0.200,0.184,0.384,0,0.000,0.000
240,2022,외야수,예진원,키움,0.100,3,0,0,3,0,0.100,0.308,0.408,0,0.000,0.000
241,2022,외야수,원혁재,한화,0.095,2,0,0,12,0,0.143,0.174,0.317,0,0.200,0.000
242,2022,외야수,최상민,SSG,0.071,3,0,0,4,0,0.071,0.235,0.306,0,0.000,0.000
243,2022,외야수,김태훈,KT,0.000,0,0,0,2,0,0.000,0.000,0.000,0,0.000,0.000
244,2022,외야수,윤정빈,삼성,0.000,0,0,0,5,0,0.000,0.000,0.000,0,0.000,0.000
245,2022,외야수,박용택,LG,-,0,0,0,0,0,-,-,-,0,0.000,0.000
246,2022,외야수,신민재,LG,0.000,0,0,0,0,0,0.000,0.000,0.000,0,0.000,0.000
247,2022,외야수,안익훈,LG,0.000,1,0,0,0,0,0.000,0.250,0.250,0,0.000,0.000
248,2022,외야수,김규남,SSG,0.000,0,0,0,2,1,0.000,0.000,0.000,0,0.000,0.000
249,2022,외야수,강로한,롯데,-,0,0,0,0,0,-,-,-,0,0.000,0.000
250,2022,외야수,김재유,롯데,-,0,0,0,0,0,-,-,-,0,0.000,0.000
251,2022,외야수,나지완,KIA,0.000,0,0,0,0,0,0.000,0.000,0.000,0,0.000,0.000
252,2022,외야수,류승현,KIA,0.000,0,0,0,1,0,0.000,0.000,0.000,0,0.000,0.000
253,2022,외야수,강상원,한화,-,0,0,0,0,0,-,-,-,0,0.000,0.000
254,2023,포수,김도환,삼성,0.143,1,0,0,0,0,0.143,0.250,0.393,0,0.000,0.000
255,2023,포수,이병헌,삼성,0.143,3,0,0,11,0,0.143,0.219,0.362,1,0.111,0.000
256,2023,포수,허도환,LG,0.141,3,0,6,20,3,0.281,0.243,0.524,1,0.333,0.000
257,2023,포수,한승택,KIA,0.129,11,0,2,32,1,0.153,0.245,0.398,2,0.130,0.000
258,2023,포수,지시완,롯데,0.125,0,0,0,5,0,0.125,0.125,0.250,0,0.000,0.250
259,2023,포수,김기연,LG,0.118,5,0,0,10,0,0.118,0.231,0.349,0,0.167,0.000
260,2023,포수,서동욱,롯데,0.118,3,0,0,5,1,0.176,0.250,0.426,0,0.000,0.333
261,2023,포수,김재현,키움,0.111,0,0,0,3,1,0.111,0.111,0.222,0,0.000,0.000
262,2023,포수,김범석,LG,0.111,1,0,0,5,1,0.259,0.138,0.397,0,0.125,0.000
263,2023,포수,이재원,SSG,0.091,2,0,0,8,4,0.114,0.128,0.242,0,0.100,1.000
264,2023,포수,이흥련,SSG,0.071,2,0,0,6,0,0.286,0.188,0.474,0,0.000,0.000
265,2023,포수,주효상,KIA,0.063,2,0,0,10,1,0.063,0.118,0.181,0,0.111,0.000
266,2023,포수,전준호,LG,0.000,0,0,0,0,0,0.000,0.000,0.000,0,0.000,0.000
267,2023,포수,문상인,KT,-,1,0,0,0,0,-,1.000,1.000,0,0.000,0.000
268,2023,포수,김민수,삼성,0.000,0,0,0,1,0,0.000,0.000,0.000,0,0.000,0.000
269,2023,포수,허관회,한화,0.000,0,0,0,2,0,0.000,0.000,0.000,0,0.000,0.000
270,2023,내야수,김성현,SSG,0.268,29,1,0,36,6,0.323,0.328,0.651,22,0.230,0.000
271,2023,내야수,최준우,SSG,0.267,8,0,0,10,3,0.283,0.348,0.631,4,0.294,0.333
272,2023,내야수,문현빈,한화,0.266,33,2,6,84,7,0.362,0.324,0.686,31,0.252,0.250
273,2023,내야수,박성한,SSG,0.266,58,1,1,56,7,0.366,0.347,0.713,30,0.254,0.000
274,2023,내야수,강승호,두산,0.265,27,0,6,110,12,0.387,0.316,0.703,24,0.273,0.167
275,2023,내야수,강백호,KT,0.265,31,4,0,55,1,0.416,0.347,0.763,15,0.345,0.300
276,2023,내야수,최보성,NC,0.263,2,0,0,2,1,0.263,0.333,0.596,2,0.200,0.000
277,2023,내야수,송성문,키움,0.263,39,5,0,38,9,0.358,0.325,0.683,27,0.288,0.000
278,2023,내야수,김동진,삼성,0.262,9,0,1,26,4,0.320,0.313,0.633,7,0.250,0.333
279,2023,내야수,김태연,한화,0.261,27,1,3,59,3,0.363,0.337,0.700,16,0.242,0.273
280,2023,내야수,최정원,NC,0.260,1,0,3,13,1,0.400,0.315,0.715,3,0.375,0.000
281,2023,내야수,임지열,키움,0.259,28,0,3,64,3,0.368,0.352,0.720,13,0.273,0.200
282,2023,내야수,노진혁,롯데,0.257,45,1,3,84,3,0.377,0.347,0.724,22,0.272,0.222
283,2023,내야수,이도윤,한화,0.252,18,1,4,55,6,0.317,0.302,0.619,19,0.144,0.333
284,2023,내야수,윤형준,NC,0.252,10,0,3,58,6,0.385,0.291,0.676,12,0.280,0.188
285,2023,내야수,오윤석,KT,0.251,13,1,5,44,7,0.387,0.313,0.700,17,0.262,0.222
286,2023,내야수,박민석,KT,0.250,0,0,0,3,0,0.250,0.250,0.500,0,0.000,0.000
287,2023,내야수,이해승,삼성,0.250,0,0,0,1,0,0.500,0.250,0.750,0,0.000,0.000
288,2023,내야수,김휘집,키움,0.249,48,0,5,97,8,0.374,0.338,0.712,23,0.213,0.167
289,2023,내야수,김민성,LG,0.249,25,0,7,58,7,0.377,0.326,0.703,17,0.253,0.167
290,2023,내야수,이재현,삼성,0.249,52,0,6,89,9,0.378,0.330,0.708,24,0.240,0.000
291,2023,내야수,이원석,키움,0.246,34,1,3,67,9,0.298,0.326,0.624,18,0.286,0.167
292,2023,내야수,이유찬,두산,0.243,20,0,3,51,0,0.310,0.316,0.626,10,0.170,0.333
293,2023,내야수,안상현,SSG,0.241,5,0,0,15,1,0.293,0.302,0.595,3,0.150,0.500
294,2023,내야수,안주형,삼성,0.241,10,0,0,20,3,0.304,0.322,0.626,2,0.292,0.231
295,2023,내야수,오영수,NC,0.236,17,1,5,55,5,0.346,0.305,0.651,15,0.164,0.000
296,2023,내야수,전민재,두산,0.235,0,0,0,3,2,0.353,0.235,0.588,0,0.200,0.000
297,2023,내야수,최주환,SSG,0.235,44,4,4,94,6,0.432,0.310,0.742,22,0.212,0.286
298,2023,내야수,도태훈,NC,0.234,38,1,17,48,8,0.322,0.376,0.698,12,0.183,0.400
299,2023,내야수,김규성,KIA,0.234,13,0,1,43,2,0.323,0.297,0.620,9,0.178,0.000
300,2023,내야수,김성현,SSG,0.268,29,1,0,36,6,0.323,0.328,0.651,22,0.230,0.000
301,2023,내야수,최준우,SSG,0.267,8,0,0,10,3,0.283,0.348,0.631,4,0.294,0.333
302,2023,내야수,문현빈,한화,0.266,33,2,6,84,7,0.362,0.324,0.686,31,0.252,0.250
303,2023,내야수,박성한,SSG,0.266,58,1,1,56,7,0.366,0.347,0.713,30,0.254,0.000
304,2023,내야수,강승호,두산,0.265,27,0,6,110,12,0.387,0.316,0.703,24,0.273,0.167
305,2023,내야수,강백호,KT,0.265,31,4,0,55,1,0.416,0.347,0.763,15,0.345,0.300
306,2023,내야수,최보성,NC,0.263,2,0,0,2,1,0.263,0.333,0.596,2,0.200,0.000
307,2023,내야수,송성문,키움,0.263,39,5,0,38,9,0.358,0.325,0.683,27,0.288,0.000
308,2023,내야수,김동진,삼성,0.262,9,0,1,26,4,0.320,0.313,0.633,7,0.250,0.333
309,2023,내야수,김태연,한화,0.261,27,1,3,59,3,0.363,0.337,0.700,16,0.242,0.273
310,2023,내야수,최정원,NC,0.260,1,0,3,13,1,0.400,0.315,0.715,3,0.375,0.000
311,2023,내야수,임지열,키움,0.259,28,0,3,64,3,0.368,0.352,0.720,13,0.273,0.200
312,2023,내야수,노진혁,롯데,0.257,45,1,3,84,3,0.377,0.347,0.724,22,0.272,0.222
313,2023,내야수,이도윤,한화,0.252,18,1,4,55,6,0.317,0.302,0.619,19,0.144,0.333
314,2023,내야수,윤형준,NC,0.252,10,0,3,58,6,0.385,0.291,0.676,12,0.280,0.188
315,2023,내야수,오윤석,KT,0.251,13,1,5,44,7,0.387,0.313,0.700,17,0.262,0.222
316,2023,내야수,박민석,KT,0.250,0,0,0,3,0,0.250,0.250,0.500,0,0.000,0.000
317,2023,내야수,이해승,삼성,0.250,0,0,0,1,0,0.500,0.250,0.750,0,0.000,0.000
318,2023,내야수,김휘집,키움,0.249,48,0,5,97,8,0.374,0.338,0.712,23,0.213,0.167
319,2023,내야수,김민성,LG,0.249,25,0,7,58,7,0.377,0.326,0.703,17,0.253,0.167
320,2023,내야수,이재현,삼성,0.249,52,0,6,89,9,0.378,0.330,0.708,24,0.240,0.000
321,2023,내야수,이원석,키움,0.246,34,1,3,67,9,0.298,0.326,0.624,18,0.286,0.167
322,2023,내야수,이유찬,두산,0.243,20,0,3,51,0,0.310,0.316,0.626,10,0.170,0.333
323,2023,내야수,안상현,SSG,0.241,5,0,0,15,1,0.293,0.302,0.595,3,0.150,0.500
324,2023,내야수,안주형,삼성,0.241,10,0,0,20,3,0.304,0.322,0.626,2,0.292,0.231
325,2023,내야수,오영수,NC,0.236,17,1,5,55,5,0.346,0.305,0.651,15,0.164,0.000
326,2023,내야수,전민재,두산,0.235,0,0,0,3,2,0.353,0.235,0.588,0,0.200,0.000
327,2023,내야수,최주환,SSG,0.235,44,4,4,94,6,0.432,0.310,0.742,22,0.212,0.286
328,2023,내야수,도태훈,NC,0.234,38,1,17,48,8,0.322,0.376,0.698,12,0.183,0.400
329,2023,내야수,김규성,KIA,0.234,13,0,1,43,2,0.323,0.297,0.620,9,0.178,0.000
330,2023,내야수,김주원,NC,0.233,44,1,15,106,6,0.340,0.328,0.668,21,0.267,0.000
331,2023,내야수,이태훈,삼성,0.231,1,0,0,7,0,0.308,0.286,0.594,0,0.000,0.500
332,2023,내야수,오선진,한화,0.230,24,0,5,34,7,0.267,0.342,0.609,8,0.297,0.071
333,2023,내야수,김찬형,SSG,0.229,2,0,1,10,1,0.354,0.275,0.629,2,0.417,0.000
334,2023,내야수,박준영,두산,0.228,9,1,2,53,0,0.417,0.290,0.707,3,0.310,0.714
335,2023,내야수,변우혁,KIA,0.225,23,1,3,74,4,0.350,0.314,0.664,7,0.263,0.231
336,2023,내야수,김인환,한화,0.225,35,2,2,91,4,0.338,0.301,0.639,16,0.254,0.136
337,2023,내야수,한동희,롯데,0.223,26,0,1,58,16,0.304,0.279,0.583,10,0.238,0.471
338,2023,내야수,서예일,두산,0.222,0,0,0,2,0,0.222,0.200,0.422,0,0.000,0.000
339,2023,내야수,정은원,한화,0.222,62,1,3,73,4,0.268,0.333,0.601,16,0.214,0.000
340,2023,내야수,박계범,두산,0.219,15,1,2,44,4,0.290,0.286,0.576,9,0.127,0.143
341,2023,내야수,강한울,삼성,0.217,20,1,0,54,4,0.269,0.282,0.551,12,0.156,0.333
342,2023,내야수,김수환,키움,0.216,11,0,4,36,1,0.320,0.319,0.639,6,0.233,0.375
343,2023,내야수,김한별,NC,0.216,4,0,2,23,6,0.237,0.262,0.499,4,0.250,0.200
344,2023,내야수,김호재,삼성,0.216,6,0,0,17,4,0.276,0.254,0.530,7,0.226,0.000
345,2023,내야수,이재원,LG,0.214,12,2,2,40,1,0.366,0.295,0.661,4,0.242,0.133
346,2023,내야수,김수윤,NC,0.214,1,0,0,4,0,0.214,0.267,0.481,0,0.400,0.333
347,2023,내야수,강준서,삼성,0.214,1,0,0,2,0,0.286,0.267,0.553,0,0.000,0.000
348,2023,내야수,황대인,KIA,0.213,18,2,4,50,6,0.322,0.296,0.618,7,0.259,0.000
349,2023,내야수,박지훈,두산,0.211,2,0,0,7,0,0.263,0.286,0.549,0,0.333,0.000
350,2023,내야수,김정율,롯데,0.209,7,0,0,17,2,0.279,0.320,0.599,1,0.182,0.250
351,2023,내야수,이학주,롯데,0.209,11,0,1,31,2,0.309,0.287,0.596,3,0.235,0.000
352,2023,내야수,이성규,삼성,0.207,8,0,3,42,4,0.310,0.259,0.569,4,0.341,0.182
353,2023,내야수,조민성,삼성,0.207,0,0,0,6,1,0.276,0.207,0.483,2,0.333,0.000
354,2023,내야수,손호영,LG,0.205,1,0,0,12,5,0.273,0.222,0.495,1,0.417,0.000
355,2023,내야수,신본기,KT,0.204,14,0,2,8,3,0.296,0.365,0.661,1,0.000,0.000
356,2023,내야수,오재일,삼성,0.203,43,1,3,110,1,0.356,0.302,0.658,14,0.213,0.167
357,2023,내야수,전의산,SSG,0.201,15,0,3,40,1,0.336,0.294,0.630,4,0.225,0.188
358,2023,내야수,김주성,LG,0.200,1,0,1,2,0,0.200,0.429,0.629,0,0.000,0.000
359,2023,내야수,서건창,LG,0.200,10,0,0,14,5,0.282,0.260,0.542,5,0.241,0.100
360,2023,내야수,문상준,KT,0.200,0,0,0,4,0,0.200,0.200,0.400,0,0.000,0.000
361,2023,내야수,박경수,KT,0.200,30,1,1,46,2,0.286,0.315,0.601,8,0.139,0.077
362,2023,내야수,조현진,NC,0.200,0,0,0,1,1,0.200,0.200,0.400,0,0.000,0.500
363,2023,내야수,공민규,삼성,0.194,2,0,0,13,1,0.290,0.242,0.532,1,0.125,0.000
364,2023,내야수,박석민,NC,0.193,14,0,3,22,4,0.239,0.321,0.560,4,0.231,0.000
365,2023,내야수,김웅빈,키움,0.188,6,0,2,20,1,0.234,0.270,0.504,3,0.211,0.154
366,2023,내야수,안재석,두산,0.188,3,0,0,12,0,0.297,0.221,0.518,1,0.118,0.333
367,2023,내야수,김영웅,삼성,0.187,8,0,0,28,2,0.319,0.250,0.569,0,0.227,0.250
368,2023,내야수,강민성,KT,0.182,4,0,0,10,0,0.227,0.308,0.535,0,0.333,0.000
369,2023,내야수,박정현,한화,0.181,3,0,2,36,2,0.295,0.218,0.513,3,0.043,0.286
370,2023,내야수,오선우,KIA,0.179,3,0,0,15,0,0.393,0.258,0.651,0,0.500,0.250
371,2023,내야수,장준원,KT,0.172,12,0,1,25,1,0.253,0.277,0.530,1,0.208,0.000
372,2023,내야수,최정용,KIA,0.167,2,0,0,9,0,0.194,0.211,0.405,0,0.000,0.000
373,2023,내야수,김건,한화,0.167,0,0,0,8,0,0.167,0.167,0.334,1,0.250,0.000
374,2023,내야수,최경모,SSG,0.150,0,0,0,5,0,0.150,0.150,0.300,0,0.167,0.000
375,2023,내야수,김재상,삼성,0.150,2,0,0,4,1,0.300,0.227,0.527,0,0.000,0.250
376,2023,내야수,정대선,롯데,0.150,2,0,2,8,0,0.175,0.217,0.392,2,0.231,0.250
377,2023,내야수,이상호,KT,0.148,2,0,0,9,2,0.167,0.179,0.346,0,0.231,0.143
378,2023,내야수,김주형,키움,0.147,9,0,1,27,2,0.176,0.256,0.432,0,0.125,0.500
379,2023,내야수,전병우,키움,0.145,10,0,1,28,0,0.242,0.274,0.516,2,0.136,0.000
380,2023,내야수,김병휘,키움,0.143,0,0,0,8,0,0.190,0.143,0.333,1,0.500,0.000
381,2023,내야수,박주찬,NC,0.143,0,0,0,2,0,0.143,0.143,0.286,0,0.000,0.000
382,2023,내야수,이성곤,한화,0.143,1,0,0,3,0,0.143,0.200,0.343,0,0.000,0.000
383,2023,내야수,김민혁,두산,0.138,4,0,1,9,3,0.172,0.250,0.422,0,0.125,0.111
384,2023,내야수,류현인,KT,0.130,1,0,0,4,0,0.130,0.167,0.297,0,0.250,0.000
385,2023,내야수,하주석,한화,0.114,2,0,1,10,0,0.143,0.184,0.327,0,0.167,0.200
386,2023,내야수,신준우,키움,0.111,0,0,1,5,0,0.111,0.158,0.269,0,0.000,0.000
387,2023,내야수,손민석,KT,0.100,1,0,1,3,0,0.100,0.250,0.350,0,0.000,0.000
388,2023,내야수,신성현,두산,0.083,3,0,0,4,0,0.083,0.267,0.350,0,0.200,0.200
389,2023,내야수,송찬의,LG,0.056,4,0,0,6,0,0.111,0.227,0.338,0,0.500,0.000
390,2023,내야수,고명준,SSG,0.000,0,0,0,3,0,0.000,0.000,0.000,0,0.000,0.000
391,2023,내야수,김건웅,SSG,0.000,0,0,0,2,0,0.000,0.000,0.000,0,0.000,0.000
392,2023,내야수,이승원,키움,0.000,0,0,0,2,0,0.000,0.000,0.000,0,0.000,0.000
393,2023,내야수,송대현,LG,0.000,0,0,0,2,0,0.000,0.000,0.000,0,0.000,0.000
394,2023,내야수,김병희,KT,0.000,1,0,0,4,0,0.000,0.111,0.111,0,0.000,0.000
395,2023,내야수,윤도현,KIA,0.000,0,0,0,1,0,0.000,0.000,0.000,0,0.000,0.000
396,2023,내야수,홍종표,KIA,0.000,3,0,1,1,0,0.000,0.364,0.364,0,0.000,0.000
397,2023,내야수,오태양,NC,0.000,0,0,0,3,0,0.000,0.000,0.000,0,0.000,0.000
398,2023,내야수,권민석,두산,0.000,0,0,0,1,0,0.000,0.000,0.000,0,0.000,0.000
399,2023,내야수,이민준,한화,0.000,1,0,0,0,0,0.000,0.500,0.500,0,0.000,0.000
400,2023,내야수,이상혁,한화,0.000,0,0,0,1,0,0.000,0.000,0.000,0,0.000,0.000
401,2023,외야수,윤동희,롯데,0.287,28,0,1,69,10,0.354,0.333,0.687,29,0.262,0.222
402,2023,외야수,피렐라,삼성,0.285,42,5,4,69,20,0.425,0.339,0.764,43,0.253,0.000
403,2023,외야수,소크라테스,KIA,0.285,52,4,1,80,13,0.463,0.344,0.807,41,0.303,0.000
404,2023,외야수,권희동,NC,0.285,49,0,6,50,4,0.405,0.388,0.793,23,0.327,0.400
405,2023,외야수,박해민,LG,0.285,45,0,3,74,7,0.359,0.348,0.707,33,0.313,0.500
406,2023,외야수,마틴,NC,0.283,57,2,1,107,8,0.455,0.360,0.815,33,0.317,0.000
407,2023,외야수,신민재,LG,0.277,29,0,1,34,5,0.309,0.344,0.653,19,0.329,1.000
408,2023,외야수,배정대,KT,0.277,38,1,3,76,2,0.347,0.356,0.703,25,0.293,0.000
409,2023,외야수,김현준,삼성,0.275,30,0,5,84,5,0.346,0.327,0.673,28,0.288,0.000
410,2023,외야수,한유섬,SSG,0.273,34,1,12,81,3,0.393,0.355,0.748,20,0.333,0.063
411,2023,외야수,이창진,KIA,0.270,34,1,2,44,6,0.389,0.362,0.751,14,0.291,0.464
412,2023,외야수,안권수,롯데,0.269,30,1,1,40,4,0.321,0.341,0.662,18,0.375,1.000
413,2023,외야수,최지훈,SSG,0.268,29,0,3,50,3,0.357,0.315,0.672,31,0.223,0.000
414,2023,외야수,채은성,한화,0.263,52,8,20,102,16,0.428,0.351,0.779,39,0.311,0.000
415,2023,외야수,강진성,SSG,0.261,6,0,3,20,2,0.388,0.306,0.694,8,0.275,0.150
416,2023,외야수,문상철,KT,0.260,16,1,3,81,4,0.414,0.298,0.712,16,0.219,0.229
417,2023,외야수,임병욱,키움,0.260,10,0,1,75,1,0.409,0.293,0.702,15,0.339,0.167
418,2023,외야수,최원준,KIA,0.255,31,0,0,39,5,0.331,0.341,0.672,17,0.328,0.000
419,2023,외야수,김인태,두산,0.255,15,0,1,26,1,0.337,0.360,0.697,4,0.313,0.316
420,2023,외야수,김민석,롯데,0.255,31,1,6,112,6,0.338,0.314,0.652,25,0.274,0.000
421,2023,외야수,김동엽,삼성,0.255,13,0,2,29,8,0.388,0.313,0.701,8,0.186,0.148
422,2023,외야수,추신수,SSG,0.254,65,1,13,79,8,0.398,0.379,0.777,24,0.260,0.300
423,2023,외야수,로하스,두산,0.253,55,2,3,68,5,0.474,0.345,0.819,28,0.255,0.000
424,2023,외야수,송준석,삼성,0.250,0,0,0,0,0,0.250,0.250,0.500,0,0.000,0.500
425,2023,외야수,국해성,롯데,0.250,2,0,0,3,0,0.250,0.400,0.650,0,0.000,0.400
426,2023,외야수,윤수녕,롯데,0.250,0,0,0,1,0,0.250,0.250,0.500,0,1.000,0.000
427,2023,외야수,이진영,한화,0.249,53,0,2,127,4,0.394,0.344,0.738,22,0.240,0.154
428,2023,외야수,조용호,KT,0.248,23,0,0,25,3,0.261,0.342,0.603,9,0.196,0.364
429,2023,외야수,렉스,롯데,0.246,28,2,1,54,3,0.345,0.338,0.683,11,0.306,0.000
430,2023,외야수,윌리엄스,한화,0.244,8,0,4,63,6,0.403,0.275,0.678,13,0.301,0.333
431,2023,외야수,천재환,NC,0.239,8,0,4,44,5,0.331,0.288,0.619,9,0.224,0.000
432,2023,외야수,오태곤,SSG,0.239,18,0,4,67,6,0.375,0.293,0.668,17,0.192,0.400
433,2023,외야수,양찬열,두산,0.239,9,0,1,23,1,0.307,0.313,0.620,6,0.259,0.000
434,2023,외야수,최상민,SSG,0.235,4,0,0,7,0,0.235,0.308,0.543,2,0.182,0.000
435,2023,외야수,예진원,키움,0.235,0,0,0,7,0,0.353,0.235,0.588,1,0.250,0.200
436,2023,외야수,이병규,키움,0.235,0,0,0,4,0,0.235,0.235,0.470,1,0.667,0.000
437,2023,외야수,이용규,키움,0.234,19,0,1,22,3,0.273,0.318,0.591,9,0.296,0.125
438,2023,외야수,홍현빈,KT,0.233,13,0,0,21,2,0.260,0.349,0.609,4,0.067,0.000
439,2023,외야수,송승환,두산,0.229,4,0,0,16,2,0.300,0.270,0.570,4,0.158,0.167
440,2023,외야수,김강민,SSG,0.226,23,1,1,38,2,0.292,0.335,0.627,7,0.061,0.238
441,2023,외야수,고승민,롯데,0.224,42,3,1,64,2,0.318,0.331,0.649,14,0.233,0.167
442,2023,외야수,김성욱,NC,0.223,16,0,5,63,7,0.380,0.303,0.683,12,0.102,0.077
443,2023,외야수,김준완,키움,0.222,26,0,1,57,2,0.259,0.315,0.574,9,0.182,0.600
444,2023,외야수,장운호,한화,0.222,2,0,0,2,0,0.222,0.364,0.586,0,0.250,0.000
445,2023,외야수,장진혁,한화,0.222,15,0,0,41,3,0.265,0.287,0.552,6,0.229,0.364
446,2023,외야수,노수광,한화,0.221,13,0,0,27,3,0.286,0.326,0.612,4,0.154,0.000
447,2023,외야수,김재환,두산,0.220,72,4,5,100,8,0.331,0.343,0.674,21,0.264,0.214
448,2023,외야수,조수행,두산,0.219,23,0,2,38,2,0.251,0.298,0.549,11,0.236,0.000
449,2023,외야수,주성원,키움,0.217,1,0,0,18,1,0.275,0.225,0.500,4,0.071,0.250
450,2023,외야수,이형종,키움,0.215,39,2,14,78,11,0.320,0.326,0.646,16,0.281,0.143
451,2023,외야수,황성빈,롯데,0.212,12,0,1,27,1,0.265,0.268,0.533,10,0.244,0.200
452,2023,외야수,류승민,삼성,0.212,2,0,1,19,0,0.269,0.255,0.524,4,0.357,0.333
453,2023,외야수,김태근,두산,0.212,0,0,1,21,0,0.269,0.226,0.495,3,0.118,0.000
454,2023,외야수,박찬혁,키움,0.201,10,0,3,41,1,0.266,0.263,0.529,7,0.106,0.500
455,2023,외야수,한석현,NC,0.200,4,0,0,20,2,0.217,0.250,0.467,3,0.333,0.200
456,2023,외야수,김대한,두산,0.198,7,0,1,21,0,0.296,0.270,0.566,5,0.125,0.000
457,2023,외야수,이원석,한화,0.190,21,0,1,33,3,0.216,0.319,0.535,3,0.212,0.000
458,2023,외야수,김호령,KIA,0.179,8,0,1,38,1,0.253,0.250,0.503,4,0.231,0.000
459,2023,외야수,이명기,한화,0.175,2,0,0,9,0,0.200,0.214,0.414,2,0.200,0.000
460,2023,외야수,이정범,SSG,0.172,2,0,0,6,1,0.172,0.212,0.384,0,0.091,0.000
461,2023,외야수,장두성,롯데,0.154,1,0,0,3,1,0.154,0.214,0.368,0,0.200,0.000
462,2023,외야수,권광민,한화,0.151,6,0,1,24,2,0.274,0.225,0.499,1,0.300,0.267
463,2023,외야수,윤정빈,삼성,0.147,7,0,2,12,1,0.235,0.326,0.561,1,0.000,0.333
464,2023,외야수,유로결,한화,0.146,1,0,1,10,3,0.167,0.173,0.340,1,0.125,0.000
465,2023,외야수,박준태,키움,0.143,1,0,0,7,0,0.143,0.200,0.343,1,0.167,0.000
466,2023,외야수,오장한,NC,0.143,1,0,0,5,0,0.143,0.250,0.393,0,0.000,0.000
467,2023,외야수,이시원,KT,0.138,2,0,0,6,0,0.138,0.194,0.332,1,0.111,0.000
468,2023,외야수,송민섭,KT,0.130,1,0,1,8,0,0.130,0.200,0.330,0,0.000,0.000
469,2023,외야수,김석환,KIA,0.130,2,0,0,9,1,0.174,0.200,0.374,0,0.000,0.333
470,2023,외야수,오그레디,한화,0.125,5,0,0,40,0,0.163,0.174,0.337,1,0.130,0.000
471,2023,외야수,박주홍,키움,0.122,5,0,0,26,0,0.163,0.196,0.359,1,0.091,0.000
472,2023,외야수,김태훈,삼성,0.095,0,0,0,9,1,0.143,0.095,0.238,1,0.250,0.000
473,2023,외야수,김상민,삼성,0.083,1,0,0,3,0,0.083,0.154,0.237,0,0.000,0.000
474,2023,외야수,최승민,LG,0.071,1,0,0,4,1,0.071,0.133,0.204,0,0.200,0.000
475,2023,외야수,박영빈,NC,0.071,1,0,0,6,0,0.143,0.133,0.276,0,0.000,0.000
476,2023,외야수,신윤후,롯데,0.040,0,0,2,8,0,0.040,0.111,0.151,0,0.000,0.000
477,2023,외야수,류효승,SSG,0.000,0,0,1,0,1,0.000,0.250,0.250,0,0.000,0.000
478,2023,외야수,채현우,SSG,-,0,0,0,0,0,-,-,-,0,0.000,0.000
479,2023,외야수,김병준,KT,0.000,0,0,0,2,0,0.000,0.000,0.000,0,0.000,0.000
480,2023,외야수,김헌곤,삼성,0.000,0,0,0,1,0,0.000,0.000,0.000,0,0.000,0.000
481,2023,외야수,김동혁,롯데,0.000,2,0,0,3,0,0.000,0.222,0.222,0,0.000,0.000
482,2023,외야수,박형준,롯데,0.000,0,0,0,1,0,0.000,0.000,0.000,0,0.000,0.000
483,2023,외야수,유상빈,한화,0.000,1,0,1,1,0,0.000,0.250,0.250,0,0.000,0.000
484,2023,외야수,장지승,한화,0.000,0,0,0,0,0,0.000,0.000,0.000,0,0.000,0.000
485,2024,포수,안승한,두산,0.200,0,0,0,1,0,0.200,0.200,0.400,0,0.000,0.500
486,2024,포수,장승현,두산,0.200,2,0,0,5,0,0.300,0.273,0.573,1,0.000,0.000
487,2024,포수,김재성,삼성,0.200,3,0,0,5,1,0.250,0.304,0.554,1,0.333,0.000
488,2024,포수,김동헌,키움,0.200,1,0,1,0,0,0.200,0.429,0.629,0,1.000,0.000
489,2024,포수,손성빈,롯데,0.197,13,0,3,38,3,0.382,0.271,0.653,5,0.189,0.000
490,2024,포수,김형준,NC,0.195,45,0,2,144,6,0.373,0.285,0.658,15,0.190,0.200
491,2024,포수,유강남,롯데,0.191,9,0,7,25,4,0.324,0.275,0.599,5,0.234,0.000
492,2024,포수,김시앙,키움,0.143,0,0,0,1,0,0.143,0.143,0.286,0,0.000,0.000
493,2024,포수,허도환,LG,0.138,9,0,10,26,4,0.163,0.300,0.463,2,0.269,0.000
494,2024,포수,서동욱,롯데,0.115,0,0,1,8,1,0.154,0.148,0.302,0,0.000,1.000
495,2024,포수,김성우,LG,0.000,0,0,0,4,0,0.000,0.000,0.000,0,0.000,0.000
496,2024,포수,전준호,LG,0.000,0,0,0,1,0,0.000,0.000,0.000,0,0.000,0.000
497,2024,포수,현원회,SSG,0.000,0,0,0,1,0,0.000,0.000,0.000,0,0.000,0.000
498,2024,포수,신용석,NC,0.000,0,0,0,0,1,0.000,0.000,0.000,0,0.000,0.000
499,2024,포수,박민준,두산,0.000,0,0,0,3,0,0.000,0.000,0.000,0,0.000,0.000
500,2024,포수,강승구,롯데,0.000,0,0,0,1,0,0.000,0.000,0.000,0,0.000,0.000
501,2024,포수,강태율,롯데,0.000,0,0,0,4,0,0.000,0.000,0.000,0,0.000,0.000
502,2024,포수,백두산,롯데,0.000,0,0,0,1,0,0.000,0.000,0.000,0,0.000,0.000
503,2024,포수,김도환,삼성,0.000,0,0,0,1,0,0.000,0.000,0.000,0,0.000,0.000
504,2024,포수,장규현,한화,0.000,1,0,0,1,0,0.000,0.143,0.143,0,0.000,0.000
505,2024,포수,박준형,키움,0.000,0,0,0,3,0,0.000,0.000,0.000,0,0.000,0.000
506,2024,내야수,홍종표,KIA,0.295,6,0,1,31,0,0.390,0.339,0.729,5,0.303,0.286
507,2024,내야수,천성호,KT,0.295,18,0,1,43,5,0.368,0.346,0.714,18,0.346,0.200
508,2024,내야수,맥키넌,삼성,0.294,39,3,1,33,6,0.386,0.381,0.767,24,0.270,0.000
509,2024,내야수,오윤석,KT,0.293,18,0,4,41,7,0.489,0.369,0.858,14,0.174,0.500
510,2024,내야수,하주석,한화,0.292,10,0,2,33,1,0.394,0.349,0.743,8,0.286,0.385
511,2024,내야수,최정,SSG,0.291,55,1,20,114,10,0.594,0.384,0.978,39,0.284,0.000
512,2024,내야수,김태연,한화,0.291,45,0,4,89,9,0.436,0.363,0.799,33,0.295,0.000
513,2024,내야수,강백호,KT,0.289,59,4,3,127,6,0.480,0.360,0.840,43,0.280,0.250
514,2024,내야수,오선우,KIA,0.286,0,0,0,3,0,0.286,0.286,0.572,0,0.500,0.000
515,2024,내야수,황대인,KIA,0.286,0,0,0,1,0,0.429,0.286,0.715,1,0.333,0.000
516,2024,내야수,서호철,NC,0.285,30,0,16,101,15,0.393,0.342,0.735,38,0.243,0.000
517,2024,내야수,최정원,NC,0.282,17,0,4,34,1,0.344,0.377,0.721,9,0.273,0.250
518,2024,내야수,디아즈,삼성,0.282,6,0,2,25,2,0.518,0.331,0.849,8,0.188,0.000
519,2024,내야수,강승호,두산,0.280,32,4,7,158,8,0.476,0.328,0.804,39,0.290,0.200
520,2024,내야수,신본기,KT,0.279,16,0,3,28,3,0.377,0.371,0.748,5,0.233,0.500
521,2024,내야수,이유찬,두산,0.277,22,0,1,51,9,0.364,0.341,0.705,15,0.254,0.333
522,2024,내야수,문현빈,한화,0.277,24,1,2,53,9,0.412,0.340,0.752,16,0.341,0.258
523,2024,내야수,이도윤,한화,0.277,26,0,3,56,5,0.333,0.332,0.665,23,0.330,0.333
524,2024,내야수,김상수,KT,0.276,37,0,6,59,12,0.379,0.351,0.730,22,0.286,0.250
525,2024,내야수,박지환,SSG,0.276,12,0,3,61,3,0.386,0.317,0.703,17,0.246,0.182
526,2024,내야수,박민,KIA,0.276,1,0,0,7,0,0.414,0.300,0.714,2,0.300,1.000
527,2024,내야수,노시환,한화,0.272,60,9,11,129,10,0.454,0.356,0.810,35,0.314,0.000
528,2024,내야수,김성진,LG,0.267,1,0,0,4,1,0.467,0.313,0.780,1,0.000,0.333
529,2024,내야수,정훈,롯데,0.267,35,0,0,63,3,0.432,0.343,0.775,19,0.292,0.207
530,2024,내야수,심우준,KT,0.266,17,0,1,29,3,0.343,0.337,0.680,12,0.412,1.000
531,2024,내야수,이학주,롯데,0.263,6,0,2,44,0,0.389,0.320,0.709,6,0.150,0.000
532,2024,내야수,박승욱,롯데,0.262,47,3,10,120,7,0.365,0.351,0.716,27,0.246,0.000
533,2024,내야수,이재현,삼성,0.260,58,1,8,83,8,0.419,0.365,0.784,27,0.330,0.250
534,2024,내야수,황재균,KT,0.260,34,0,2,95,16,0.383,0.309,0.692,34,0.238,0.200
535,2024,내야수,류지혁,삼성,0.258,33,0,6,70,7,0.325,0.341,0.666,21,0.279,0.143
536,2024,내야수,홍종표,KIA,0.295,6,0,1,31,0,0.390,0.339,0.729,5,0.303,0.286
537,2024,내야수,천성호,KT,0.295,18,0,1,43,5,0.368,0.346,0.714,18,0.346,0.200
538,2024,내야수,맥키넌,삼성,0.294,39,3,1,33,6,0.386,0.381,0.767,24,0.270,0.000
539,2024,내야수,오윤석,KT,0.293,18,0,4,41,7,0.489,0.369,0.858,14,0.174,0.500
540,2024,내야수,하주석,한화,0.292,10,0,2,33,1,0.394,0.349,0.743,8,0.286,0.385
541,2024,내야수,최정,SSG,0.291,55,1,20,114,10,0.594,0.384,0.978,39,0.284,0.000
542,2024,내야수,김태연,한화,0.291,45,0,4,89,9,0.436,0.363,0.799,33,0.295,0.000
543,2024,내야수,강백호,KT,0.289,59,4,3,127,6,0.480,0.360,0.840,43,0.280,0.250
544,2024,내야수,오선우,KIA,0.286,0,0,0,3,0,0.286,0.286,0.572,0,0.500,0.000
545,2024,내야수,황대인,KIA,0.286,0,0,0,1,0,0.429,0.286,0.715,1,0.333,0.000
546,2024,내야수,서호철,NC,0.285,30,0,16,101,15,0.393,0.342,0.735,38,0.243,0.000
547,2024,내야수,최정원,NC,0.282,17,0,4,34,1,0.344,0.377,0.721,9,0.273,0.250
548,2024,내야수,디아즈,삼성,0.282,6,0,2,25,2,0.518,0.331,0.849,8,0.188,0.000
549,2024,내야수,강승호,두산,0.280,32,4,7,158,8,0.476,0.328,0.804,39,0.290,0.200
550,2024,내야수,신본기,KT,0.279,16,0,3,28,3,0.377,0.371,0.748,5,0.233,0.500
551,2024,내야수,이유찬,두산,0.277,22,0,1,51,9,0.364,0.341,0.705,15,0.254,0.333
552,2024,내야수,문현빈,한화,0.277,24,1,2,53,9,0.412,0.340,0.752,16,0.341,0.258
553,2024,내야수,이도윤,한화,0.277,26,0,3,56,5,0.333,0.332,0.665,23,0.330,0.333
554,2024,내야수,김상수,KT,0.276,37,0,6,59,12,0.379,0.351,0.730,22,0.286,0.250
555,2024,내야수,박지환,SSG,0.276,12,0,3,61,3,0.386,0.317,0.703,17,0.246,0.182
556,2024,내야수,박민,KIA,0.276,1,0,0,7,0,0.414,0.300,0.714,2,0.300,1.000
557,2024,내야수,노시환,한화,0.272,60,9,11,129,10,0.454,0.356,0.810,35,0.314,0.000
558,2024,내야수,김성진,LG,0.267,1,0,0,4,1,0.467,0.313,0.780,1,0.000,0.333
559,2024,내야수,정훈,롯데,0.267,35,0,0,63,3,0.432,0.343,0.775,19,0.292,0.207
560,2024,내야수,심우준,KT,0.266,17,0,1,29,3,0.343,0.337,0.680,12,0.412,1.000
561,2024,내야수,이학주,롯데,0.263,6,0,2,44,0,0.389,0.320,0.709,6,0.150,0.000
562,2024,내야수,박승욱,롯데,0.262,47,3,10,120,7,0.365,0.351,0.716,27,0.246,0.000
563,2024,내야수,이재현,삼성,0.260,58,1,8,83,8,0.419,0.365,0.784,27,0.330,0.250
564,2024,내야수,황재균,KT,0.260,34,0,2,95,16,0.383,0.309,0.692,34,0.238,0.200
565,2024,내야수,류지혁,삼성,0.258,33,0,6,70,7,0.325,0.341,0.666,21,0.279,0.143
566,2024,내야수,김휘집,NC,0.258,52,1,10,119,16,0.410,0.337,0.747,33,0.282,0.000
567,2024,내야수,최주환,키움,0.257,47,2,6,92,12,0.390,0.325,0.715,36,0.308,0.000
568,2024,내야수,한동희,롯데,0.257,1,1,0,9,1,0.314,0.278,0.592,1,0.182,0.333
569,2024,내야수,김건희,키움,0.257,18,0,0,82,7,0.418,0.300,0.718,15,0.257,0.308
570,2024,내야수,구본혁,LG,0.257,38,0,4,51,7,0.327,0.335,0.662,15,0.272,0.500
571,2024,내야수,고영우,키움,0.256,28,0,1,71,5,0.319,0.329,0.648,15,0.324,0.500
572,2024,내야수,오지환,LG,0.254,51,0,4,106,8,0.411,0.350,0.761,24,0.243,0.000
573,2024,내야수,김영웅,삼성,0.252,45,0,3,155,2,0.485,0.321,0.806,26,0.310,0.167
574,2024,내야수,김주원,NC,0.252,51,1,25,111,5,0.379,0.371,0.750,26,0.243,0.000
575,2024,내야수,고명준,SSG,0.250,25,0,1,90,4,0.385,0.303,0.688,14,0.313,0.000
576,2024,내야수,김규성,KIA,0.250,2,0,0,4,0,0.333,0.357,0.690,0,0.500,1.000
577,2024,내야수,최항,롯데,0.250,10,0,1,32,3,0.288,0.308,0.596,7,0.239,0.286
578,2024,내야수,원성준,키움,0.250,10,0,0,36,2,0.348,0.306,0.654,6,0.241,0.238
579,2024,내야수,전민재,두산,0.246,17,1,4,53,8,0.298,0.301,0.599,17,0.290,0.000
580,2024,내야수,양석환,두산,0.246,49,1,7,128,15,0.488,0.316,0.804,34,0.286,0.667
581,2024,내야수,오재일,KT,0.243,36,0,2,88,7,0.422,0.321,0.743,15,0.299,0.296
582,2024,내야수,최준우,SSG,0.240,9,0,0,8,0,0.320,0.441,0.761,1,0.250,0.000
583,2024,내야수,김재상,삼성,0.238,5,0,0,23,0,0.357,0.278,0.635,4,0.222,0.250
584,2024,내야수,김인환,한화,0.237,10,0,2,32,5,0.275,0.301,0.576,7,0.206,0.154
585,2024,내야수,박병호,삼성,0.231,47,0,7,121,13,0.449,0.333,0.782,16,0.255,0.267
586,2024,내야수,김성현,SSG,0.227,16,0,4,28,7,0.284,0.321,0.605,9,0.250,0.667
587,2024,내야수,박준영,두산,0.226,21,0,3,58,3,0.409,0.313,0.722,7,0.213,0.600
588,2024,내야수,전병우,삼성,0.225,14,0,1,42,3,0.405,0.313,0.718,3,0.222,0.167
589,2024,내야수,이영빈,LG,0.222,4,0,0,20,0,0.349,0.261,0.610,3,0.235,0.286
590,2024,내야수,권동진,KT,0.222,1,0,0,2,0,0.222,0.300,0.522,1,0.333,0.000
591,2024,내야수,김수윤,NC,0.222,1,0,0,4,0,0.222,0.300,0.522,0,0.000,0.500
592,2024,내야수,한재환,NC,0.222,0,0,0,3,0,0.333,0.222,0.555,0,0.000,0.000
593,2024,내야수,서예일,두산,0.222,2,0,0,5,0,0.222,0.300,0.522,1,0.667,0.000
594,2024,내야수,김태진,키움,0.222,7,1,0,27,1,0.286,0.249,0.535,10,0.214,0.304
595,2024,내야수,이원석,키움,0.220,14,0,2,18,2,0.264,0.330,0.594,5,0.185,0.250
596,2024,내야수,노진혁,롯데,0.219,15,1,1,39,1,0.307,0.297,0.604,7,0.171,0.188
597,2024,내야수,안주형,삼성,0.218,11,0,1,39,3,0.232,0.279,0.511,4,0.231,0.000
598,2024,내야수,박민석,KT,0.214,0,0,0,7,0,0.214,0.214,0.428,0,0.250,0.000
599,2024,내야수,도태훈,NC,0.214,24,0,6,29,5,0.241,0.345,0.586,8,0.238,0.118
600,2024,내야수,오영수,NC,0.200,2,0,1,6,0,0.500,0.265,0.765,0,0.083,0.286
601,2024,내야수,김민혁,두산,0.200,3,0,0,3,0,0.800,0.500,1.300,0,0.000,0.000
602,2024,내야수,박계범,두산,0.200,5,0,0,7,2,0.267,0.400,0.667,0,0.000,0.000
603,2024,내야수,김민성,롯데,0.200,10,0,3,18,1,0.357,0.321,0.678,1,0.200,0.429
604,2024,내야수,오선진,롯데,0.200,2,0,2,8,0,0.250,0.333,0.583,0,0.143,0.500
605,2024,내야수,이창용,삼성,0.190,0,0,0,4,0,0.238,0.190,0.428,0,0.125,0.500
606,2024,내야수,이재상,키움,0.190,2,0,2,33,0,0.238,0.227,0.465,4,0.130,0.000
607,2024,내야수,최정용,KIA,0.182,1,0,0,4,1,0.182,0.250,0.432,0,0.000,0.000
608,2024,내야수,윤준혁,KT,0.176,1,0,0,6,0,0.294,0.222,0.516,0,0.200,0.000
609,2024,내야수,양도근,삼성,0.174,5,0,0,8,0,0.261,0.321,0.582,1,0.000,0.000
610,2024,내야수,정은원,한화,0.172,13,0,0,16,0,0.297,0.312,0.609,2,0.200,0.250
611,2024,내야수,안상현,SSG,0.171,4,0,0,14,0,0.186,0.216,0.402,1,0.200,0.000
612,2024,내야수,최경모,SSG,0.171,8,0,0,7,2,0.171,0.326,0.497,0,0.200,0.000
613,2024,내야수,김병휘,키움,0.169,6,0,5,26,0,0.271,0.300,0.571,2,0.000,0.000
614,2024,내야수,김주성,LG,0.167,3,0,0,0,0,0.167,0.444,0.611,0,0.000,0.000
615,2024,내야수,이주찬,롯데,0.167,1,0,0,9,1,0.333,0.200,0.533,0,0.250,0.500
616,2024,내야수,신윤후,롯데,0.161,1,0,2,8,1,0.161,0.235,0.396,0,0.125,0.000
617,2024,내야수,김정율,LG,0.150,1,0,1,4,1,0.150,0.227,0.377,0,0.000,0.000
618,2024,내야수,김주형,키움,0.150,1,0,3,9,0,0.150,0.292,0.442,0,0.500,0.000
619,2024,내야수,이호연,KT,0.146,1,0,0,12,2,0.171,0.167,0.338,1,0.000,0.125
620,2024,내야수,김웅빈,키움,0.125,4,0,1,15,1,0.125,0.243,0.368,0,0.143,0.000
621,2024,내야수,김동진,삼성,0.108,3,0,0,10,1,0.189,0.175,0.364,0,0.333,0.250
622,2024,내야수,이승원,키움,0.108,2,0,0,13,2,0.135,0.154,0.289,0,0.091,0.000
623,2024,내야수,임지열,키움,0.102,7,0,0,16,2,0.163,0.211,0.374,1,0.000,0.000
624,2024,내야수,강한울,삼성,0.095,0,0,0,6,1,0.095,0.091,0.186,0,0.167,0.000
625,2024,내야수,전의산,SSG,0.088,5,0,0,15,3,0.140,0.159,0.299,0,0.000,0.091
626,2024,내야수,장준원,KT,0.071,4,0,0,5,0,0.071,0.278,0.349,0,0.000,0.000
627,2024,내야수,공민규,삼성,0.071,1,0,2,9,1,0.286,0.235,0.521,0,0.000,0.000
628,2024,내야수,김호진,삼성,0.069,1,0,1,11,1,0.069,0.125,0.194,0,0.125,0.000
629,2024,내야수,송찬의,LG,0.067,3,0,1,6,0,0.067,0.250,0.317,0,0.000,0.000
630,2024,내야수,김수인,LG,0.000,0,0,0,2,0,0.000,0.000,0.000,0,0.000,0.000
631,2024,내야수,강민성,KT,0.000,0,0,0,0,0,0.000,0.000,0.000,0,0.000,0.000
632,2024,내야수,김찬형,SSG,0.000,0,0,0,4,0,0.000,0.000,0.000,0,0.000,0.000
633,2024,내야수,김세훈,NC,0.000,1,0,0,2,0,0.000,0.200,0.200,0,0.000,0.000
634,2024,내야수,오명진,두산,0.000,1,0,0,1,0,0.000,0.500,0.500,0,0.000,0.000
635,2024,내야수,임종성,두산,0.000,1,0,0,1,0,0.000,0.250,0.250,0,0.000,0.000
636,2024,내야수,정대선,롯데,0.000,0,0,0,2,0,0.000,0.000,0.000,0,0.000,0.000
637,2024,내야수,양우현,삼성,0.000,1,0,0,6,1,0.000,0.071,0.071,0,0.000,0.000
638,2024,내야수,한경빈,한화,0.000,0,0,0,1,0,0.000,0.000,0.000,0,0.000,0.000
639,2024,내야수,김수환,키움,0.000,0,0,0,1,0,0.000,0.000,0.000,0,0.000,0.000
640,2024,내야수,송지후,키움,0.000,0,0,0,0,0,0.000,0.000,0.000,0,0.000,0.000
641,2024,내야수,신준우,키움,-,0,0,0,0,0,-,-,-,0,0.000,0.000
642,2024,내야수,심휘윤,키움,-,0,0,0,0,0,-,-,-,0,0.000,0.000
643,2024,외야수,홍성호,두산,0.286,1,0,0,7,0,0.429,0.333,0.762,0,0.167,0.200
644,2024,외야수,윤정빈,삼성,0.286,22,0,3,47,1,0.453,0.378,0.831,14,0.189,0.250
645,2024,외야수,최인호,한화,0.286,25,0,3,31,3,0.395,0.367,0.762,11,0.325,0.294
646,2024,외야수,손아섭,NC,0.285,16,0,0,65,1,0.396,0.314,0.710,22,0.272,0.143
647,2024,외야수,정수빈,두산,0.284,71,1,9,72,8,0.361,0.376,0.737,42,0.248,0.000
648,2024,외야수,천재환,NC,0.284,13,0,4,52,7,0.405,0.335,0.740,14,0.327,0.273
649,2024,외야수,김재환,두산,0.283,63,3,6,168,8,0.525,0.368,0.893,30,0.259,0.667
650,2024,외야수,추신수,SSG,0.281,37,0,4,68,2,0.403,0.373,0.776,20,0.286,0.125
651,2024,외야수,최형우,KIA,0.280,52,4,5,86,5,0.499,0.361,0.860,34,0.331,0.400
652,2024,외야수,최지훈,SSG,0.275,50,0,2,71,5,0.418,0.345,0.763,39,0.245,0.200
653,2024,외야수,오태곤,SSG,0.275,31,2,1,73,4,0.449,0.355,0.804,12,0.291,0.167
654,2024,외야수,배정대,KT,0.275,50,1,4,114,5,0.394,0.355,0.749,30,0.302,1.000
655,2024,외야수,페라자,한화,0.275,63,5,2,129,6,0.486,0.364,0.850,34,0.308,0.286
656,2024,외야수,권광민,한화,0.271,3,0,0,17,0,0.583,0.314,0.897,3,0.222,0.286
657,2024,외야수,채은성,한화,0.271,49,1,8,83,12,0.463,0.351,0.814,29,0.270,0.000
658,2024,외야수,최원영,LG,0.270,1,0,3,7,0,0.405,0.341,0.746,0,0.214,0.333
659,2024,외야수,이주형,키움,0.266,49,1,14,119,4,0.402,0.352,0.754,36,0.267,0.000
660,2024,외야수,조수행,두산,0.265,33,1,3,53,2,0.293,0.334,0.627,22,0.233,0.250
661,2024,외야수,박해민,LG,0.263,46,0,11,101,3,0.359,0.336,0.695,35,0.233,0.250
662,2024,외야수,장진혁,한화,0.263,29,0,3,72,6,0.412,0.335,0.747,19,0.333,0.400
663,2024,외야수,이창진,KIA,0.262,45,0,2,36,6,0.330,0.401,0.731,11,0.204,0.333
664,2024,외야수,문상철,KT,0.256,45,2,7,86,8,0.435,0.351,0.786,23,0.270,0.250
665,2024,외야수,박수종,키움,0.256,13,0,2,17,4,0.310,0.333,0.643,9,0.171,0.000
666,2024,외야수,변상권,키움,0.251,11,0,1,51,4,0.342,0.289,0.631,17,0.192,0.250
667,2024,외야수,안치영,KT,0.250,2,0,0,12,0,0.250,0.283,0.533,2,0.182,0.000
668,2024,외야수,고종욱,KIA,0.250,4,0,0,6,2,0.406,0.333,0.739,0,0.167,0.333
669,2024,외야수,조용호,KT,0.248,13,0,0,25,5,0.282,0.309,0.591,8,0.286,0.250
670,2024,외야수,하재훈,SSG,0.248,18,0,2,90,5,0.417,0.292,0.709,18,0.177,0.000
671,2024,외야수,한석현,NC,0.247,2,0,1,22,2,0.329,0.276,0.605,6,0.063,0.333
672,2024,외야수,김성윤,삼성,0.243,9,0,1,16,1,0.297,0.326,0.623,4,0.286,0.333
673,2024,외야수,이성규,삼성,0.242,31,0,15,109,5,0.500,0.339,0.839,15,0.284,0.174
674,2024,외야수,정현승,SSG,0.241,2,0,0,6,0,0.345,0.290,0.635,1,0.333,0.333
675,2024,외야수,임병욱,키움,0.241,4,0,0,32,1,0.379,0.272,0.651,3,0.368,0.182
676,2024,외야수,한유섬,SSG,0.235,46,3,9,142,2,0.453,0.314,0.767,28,0.260,0.167
677,2024,외야수,박시원,NC,0.234,14,0,0,46,2,0.326,0.301,0.627,6,0.314,0.125
678,2024,외야수,이원석,한화,0.233,16,0,2,32,3,0.278,0.322,0.600,6,0.265,0.333
679,2024,외야수,정준영,KT,0.226,8,0,1,16,1,0.258,0.324,0.582,3,0.143,0.000
680,2024,외야수,김현준,삼성,0.224,11,0,4,49,4,0.290,0.279,0.569,8,0.225,0.300
681,2024,외야수,김강민,한화,0.224,8,0,3,21,1,0.263,0.322,0.585,4,0.200,0.182
682,2024,외야수,홍현빈,KT,0.222,3,0,0,7,0,0.333,0.333,0.666,0,1.000,0.000
683,2024,외야수,유로결,한화,0.222,3,0,0,11,4,0.250,0.282,0.532,0,0.125,0.000
684,2024,외야수,이형종,키움,0.216,22,1,1,27,1,0.363,0.360,0.723,3,0.385,0.333
685,2024,외야수,송민섭,KT,0.214,3,0,2,6,0,0.214,0.421,0.635,1,0.143,0.000
686,2024,외야수,예진원,KIA,0.211,2,0,0,8,1,0.263,0.286,0.549,0,0.000,0.000
687,2024,외야수,김민석,롯데,0.211,2,0,4,20,4,0.276,0.268,0.544,2,0.286,0.125
688,2024,외야수,이진영,한화,0.204,8,0,2,27,3,0.301,0.282,0.583,5,0.308,0.333
689,2024,외야수,김성욱,NC,0.204,31,0,15,79,7,0.380,0.291,0.671,14,0.245,0.000
690,2024,외야수,김현종,LG,0.200,0,0,1,4,0,0.267,0.250,0.517,0,0.400,0.333
691,2024,외야수,안현민,KT,0.200,2,0,1,10,0,0.400,0.276,0.676,1,0.000,0.000
692,2024,외야수,송승환,NC,0.200,0,0,0,1,0,0.200,0.200,0.400,0,0.000,0.500
693,2024,외야수,김동혁,롯데,0.200,2,0,0,5,0,0.333,0.294,0.627,0,0.333,0.000
694,2024,외야수,김태훈,삼성,0.200,0,0,1,3,1,0.250,0.238,0.488,1,0.200,0.286
695,2024,외야수,주성원,키움,0.200,6,0,0,18,2,0.273,0.279,0.552,1,0.200,0.125
696,2024,외야수,강진성,SSG,0.185,3,0,0,5,0,0.185,0.267,0.452,0,0.500,0.286
697,2024,외야수,박한결,NC,0.185,6,0,0,29,1,0.523,0.254,0.777,3,0.133,0.200
698,2024,외야수,안익훈,LG,0.184,4,0,0,13,2,0.204,0.241,0.445,0,0.071,0.111
699,2024,외야수,김재혁,삼성,0.184,3,0,0,19,2,0.265,0.222,0.487,2,0.095,0.167
700,2024,외야수,김인태,두산,0.174,2,0,0,7,1,0.304,0.231,0.535,0,0.167,0.000
701,2024,외야수,장재영,키움,0.168,17,0,3,64,2,0.294,0.288,0.582,4,0.212,0.000
702,2024,외야수,최상민,SSG,0.167,0,0,1,5,0,0.333,0.231,0.564,0,0.000,0.000
703,2024,외야수,임종찬,한화,0.158,6,0,1,19,2,0.281,0.250,0.531,2,0.190,0.000
704,2024,외야수,장두성,롯데,0.156,3,0,2,9,2,0.156,0.270,0.426,0,0.143,0.000
705,2024,외야수,이상혁,한화,0.154,2,0,0,5,0,0.154,0.267,0.421,0,0.000,0.333
706,2024,외야수,함창건,LG,0.143,2,0,0,3,1,0.143,0.250,0.393,0,0.000,0.333
707,2024,외야수,김호령,KIA,0.136,8,0,0,25,1,0.220,0.239,0.459,0,0.167,0.400
708,2024,외야수,김대한,두산,0.133,8,0,2,26,1,0.187,0.230,0.417,1,0.150,0.000
709,2024,외야수,김건형,KT,0.125,1,0,0,8,0,0.167,0.160,0.327,1,0.000,0.000
710,2024,외야수,양찬열,두산,0.125,4,0,0,1,0,0.125,0.417,0.542,0,0.000,0.000
711,2024,외야수,김동엽,삼성,0.111,1,1,1,5,0,0.167,0.190,0.357,1,0.000,0.000
712,2024,외야수,박주홍,키움,0.102,10,0,0,17,1,0.143,0.254,0.397,0,0.083,0.000
713,2024,외야수,김태근,두산,0.087,0,0,3,10,0,0.087,0.192,0.279,0,0.250,0.000
714,2024,외야수,최승민,LG,0.077,2,0,0,3,0,0.077,0.200,0.277,0,0.000,0.000
715,2024,외야수,김창평,SSG,0.000,2,0,0,4,0,0.000,0.222,0.222,0,0.000,0.000
716,2024,외야수,류효승,SSG,0.000,0,0,0,0,0,0.000,0.000,0.000,0,0.000,0.000
717,2024,외야수,채현우,SSG,-,0,0,0,0,0,-,-,-,0,0.000,0.000
718,2024,외야수,최민창,SSG,0.000,0,0,0,1,0,0.000,0.000,0.000,0,0.000,0.000
719,2024,외야수,김범준,NC,0.000,0,0,0,2,1,0.000,0.000,0.000,0,0.000,0.000
720,2024,외야수,이선우,롯데,-,0,0,0,0,0,-,-,-,0,0.000,0.000
721,2024,외야수,추재현,롯데,-,0,0,0,0,0,-,-,-,0,0.000,0.000
722,2024,외야수,류승민,삼성,0.000,2,0,0,1,0,0.000,0.667,0.667,0,0.000,0.000
723,2024,외야수,이명기,한화,0.000,0,0,0,3,0,0.000,0.000,0.000,0,0.000,0.000
724,2025,포수,조대현,KT,0.187,7,0,2,22,0,0.240,0.274,0.514,1,0.348,0.500
725,2025,포수,정보근,롯데,0.186,18,1,1,39,4,0.256,0.291,0.547,3,0.293,0.000
726,2025,포수,신범수,SSG,0.182,5,0,1,7,0,0.303,0.308,0.611,0,0.143,0.400
727,2025,포수,허인서,한화,0.172,0,0,1,12,1,0.207,0.200,0.407,0,0.182,0.333
728,2025,포수,박세혁,NC,0.163,5,0,1,28,4,0.267,0.215,0.482,3,0.219,0.091
729,2025,포수,손성빈,롯데,0.145,4,0,1,20,1,0.194,0.209,0.403,0,0.125,0.000
730,2025,포수,안중열,NC,0.143,8,0,2,15,0,0.204,0.288,0.492,0,0.182,0.000
731,2025,포수,류현준,두산,0.136,0,0,0,6,1,0.136,0.136,0.272,0,0.143,0.250
732,2025,포수,김재성,삼성,0.127,6,0,2,23,0,0.159,0.222,0.381,1,0.133,0.000
733,2025,포수,박진우,삼성,0.000,0,0,0,0,0,0.000,0.000,0.000,0,0.000,0.000
734,2025,포수,김성재,두산,0.000,0,0,0,0,0,0.000,0.000,0.000,0,0.000,0.000
735,2025,포수,박민준,두산,0.000,0,0,0,1,0,0.000,0.000,0.000,0,0.000,0.000
736,2025,포수,박성재,두산,0.000,0,0,0,5,0,0.000,0.000,0.000,0,0.000,0.000
737,2025,포수,장승현,두산,0.000,0,0,0,0,1,0.000,0.000,0.000,0,0.000,0.000
738,2025,포수,김민석,KT,-,0,0,0,0,0,-,-,-,0,0.000,0.000
739,2025,포수,강승구,롯데,0.000,0,0,0,0,0,0.000,0.000,0.000,0,0.000,0.000
740,2025,내야수,문보경,LG,0.276,79,3,4,108,15,0.460,0.371,0.831,38,0.274,0.333
741,2025,내야수,황재균,KT,0.275,34,1,2,84,2,0.379,0.336,0.715,31,0.403,0.111
742,2025,내야수,윤도현,KIA,0.275,8,0,1,36,1,0.470,0.316,0.786,12,0.296,0.000
743,2025,내야수,최정원,NC,0.275,18,0,12,22,0,0.300,0.417,0.717,9,0.194,0.250
744,2025,내야수,최주환,키움,0.275,36,2,5,66,8,0.425,0.330,0.755,33,0.291,0.500
745,2025,내야수,박성한,SSG,0.274,79,1,3,93,6,0.381,0.384,0.765,31,0.275,0.500
746,2025,내야수,한태양,롯데,0.274,32,0,2,69,3,0.378,0.367,0.745,11,0.274,0.167
747,2025,내야수,황영묵,한화,0.273,20,0,2,37,4,0.358,0.329,0.687,18,0.300,0.455
748,2025,내야수,전병우,삼성,0.273,19,0,1,27,3,0.338,0.423,0.761,2,0.381,0.412
749,2025,내야수,고승민,롯데,0.271,56,1,3,83,8,0.350,0.350,0.700,36,0.241,0.000
750,2025,내야수,노진혁,롯데,0.270,5,0,1,20,0,0.397,0.333,0.730,2,0.188,0.267
751,2025,내야수,서호철,NC,0.266,8,0,7,51,7,0.335,0.301,0.636,16,0.247,0.143
752,2025,내야수,오선우,KIA,0.265,34,2,3,158,11,0.432,0.323,0.755,32,0.239,0.143
753,2025,내야수,석정우,SSG,0.265,4,0,1,18,1,0.408,0.333,0.741,0,0.300,0.000
754,2025,내야수,안상현,SSG,0.264,18,0,2,85,2,0.380,0.314,0.694,19,0.200,0.000
755,2025,내야수,정현창,KIA,0.263,2,0,0,5,0,0.263,0.333,0.596,0,0.000,0.250
756,2025,내야수,박민석,KT,0.263,2,0,0,4,0,0.421,0.333,0.754,1,0.000,0.000
757,2025,내야수,박계범,두산,0.263,14,0,1,45,4,0.354,0.319,0.673,9,0.345,0.300
758,2025,내야수,오명진,두산,0.263,27,1,3,94,3,0.366,0.321,0.687,22,0.235,0.250
759,2025,내야수,이도윤,한화,0.260,11,1,3,52,5,0.340,0.296,0.636,13,0.250,0.400
760,2025,내야수,노시환,한화,0.260,70,10,11,125,22,0.497,0.354,0.851,37,0.290,0.000
761,2025,내야수,양도근,삼성,0.259,18,0,2,41,3,0.289,0.337,0.626,12,0.220,0.286
762,2025,내야수,오윤석,KT,0.256,12,0,7,41,4,0.321,0.335,0.656,8,0.302,0.300
763,2025,내야수,이재현,삼성,0.254,69,1,11,119,8,0.427,0.360,0.787,29,0.256,0.333
764,2025,내야수,김상수,KT,0.254,52,1,4,57,8,0.335,0.349,0.684,20,0.287,0.250
765,2025,내야수,오지환,LG,0.253,37,0,3,115,4,0.430,0.314,0.744,27,0.283,0.333
766,2025,내야수,손호영,롯데,0.250,22,0,10,66,9,0.323,0.313,0.636,24,0.321,0.000
767,2025,내야수,오태양,NC,0.250,1,0,0,3,0,0.250,0.308,0.558,0,0.750,0.000
768,2025,내야수,김병휘,키움,0.250,2,0,0,1,0,0.250,0.500,0.750,0,0.000,0.000
769,2025,내야수,김휘집,NC,0.249,40,0,27,89,9,0.420,0.349,0.769,29,0.242,0.333
770,2025,내야수,문보경,LG,0.276,79,3,4,108,15,0.460,0.371,0.831,38,0.274,0.333
771,2025,내야수,황재균,KT,0.275,34,1,2,84,2,0.379,0.336,0.715,31,0.403,0.111
772,2025,내야수,윤도현,KIA,0.275,8,0,1,36,1,0.470,0.316,0.786,12,0.296,0.000
773,2025,내야수,최정원,NC,0.275,18,0,12,22,0,0.300,0.417,0.717,9,0.194,0.250
774,2025,내야수,최주환,키움,0.275,36,2,5,66,8,0.425,0.330,0.755,33,0.291,0.500
775,2025,내야수,박성한,SSG,0.274,79,1,3,93,6,0.381,0.384,0.765,31,0.275,0.500
776,2025,내야수,한태양,롯데,0.274,32,0,2,69,3,0.378,0.367,0.745,11,0.274,0.167
777,2025,내야수,황영묵,한화,0.273,20,0,2,37,4,0.358,0.329,0.687,18,0.300,0.455
778,2025,내야수,전병우,삼성,0.273,19,0,1,27,3,0.338,0.423,0.761,2,0.381,0.412
779,2025,내야수,고승민,롯데,0.271,56,1,3,83,8,0.350,0.350,0.700,36,0.241,0.000
780,2025,내야수,노진혁,롯데,0.270,5,0,1,20,0,0.397,0.333,0.730,2,0.188,0.267
781,2025,내야수,서호철,NC,0.266,8,0,7,51,7,0.335,0.301,0.636,16,0.247,0.143
782,2025,내야수,오선우,KIA,0.265,34,2,3,158,11,0.432,0.323,0.755,32,0.239,0.143
783,2025,내야수,석정우,SSG,0.265,4,0,1,18,1,0.408,0.333,0.741,0,0.300,0.000
784,2025,내야수,안상현,SSG,0.264,18,0,2,85,2,0.380,0.314,0.694,19,0.200,0.000
785,2025,내야수,정현창,KIA,0.263,2,0,0,5,0,0.263,0.333,0.596,0,0.000,0.250
786,2025,내야수,박민석,KT,0.263,2,0,0,4,0,0.421,0.333,0.754,1,0.000,0.000
787,2025,내야수,박계범,두산,0.263,14,0,1,45,4,0.354,0.319,0.673,9,0.345,0.300
788,2025,내야수,오명진,두산,0.263,27,1,3,94,3,0.366,0.321,0.687,22,0.235,0.250
789,2025,내야수,이도윤,한화,0.260,11,1,3,52,5,0.340,0.296,0.636,13,0.250,0.400
790,2025,내야수,노시환,한화,0.260,70,10,11,125,22,0.497,0.354,0.851,37,0.290,0.000
791,2025,내야수,양도근,삼성,0.259,18,0,2,41,3,0.289,0.337,0.626,12,0.220,0.286
792,2025,내야수,오윤석,KT,0.256,12,0,7,41,4,0.321,0.335,0.656,8,0.302,0.300
793,2025,내야수,이재현,삼성,0.254,69,1,11,119,8,0.427,0.360,0.787,29,0.256,0.333
794,2025,내야수,김상수,KT,0.254,52,1,4,57,8,0.335,0.349,0.684,20,0.287,0.250
795,2025,내야수,오지환,LG,0.253,37,0,3,115,4,0.430,0.314,0.744,27,0.283,0.333
796,2025,내야수,손호영,롯데,0.250,22,0,10,66,9,0.323,0.313,0.636,24,0.321,0.000
797,2025,내야수,오태양,NC,0.250,1,0,0,3,0,0.250,0.308,0.558,0,0.750,0.000
798,2025,내야수,김병휘,키움,0.250,2,0,0,1,0,0.250,0.500,0.750,0,0.000,0.000
799,2025,내야수,김휘집,NC,0.249,40,0,27,89,9,0.420,0.349,0.769,29,0.242,0.333
800,2025,내야수,김영웅,삼성,0.249,48,3,2,143,6,0.455,0.323,0.778,25,0.268,0.000
801,2025,내야수,양석환,두산,0.248,24,1,5,82,6,0.401,0.320,0.721,17,0.222,0.000
802,2025,내야수,정준재,SSG,0.245,51,0,3,93,4,0.288,0.340,0.628,21,0.276,0.267
803,2025,내야수,최정,SSG,0.244,51,6,12,94,10,0.482,0.360,0.842,22,0.247,0.000
804,2025,내야수,김민성,롯데,0.243,33,1,4,48,7,0.346,0.353,0.699,12,0.233,0.235
805,2025,내야수,이호준,롯데,0.242,14,0,3,33,3,0.424,0.327,0.751,6,0.313,0.000
806,2025,내야수,이유찬,두산,0.242,33,0,2,66,4,0.290,0.328,0.618,11,0.194,0.000
807,2025,내야수,오선진,키움,0.238,12,0,3,45,2,0.315,0.308,0.623,8,0.313,0.000
808,2025,내야수,어준서,키움,0.238,30,1,2,75,10,0.327,0.305,0.632,20,0.222,0.182
809,2025,내야수,천성호,LG,0.237,17,0,5,29,2,0.329,0.323,0.652,8,0.250,0.154
810,2025,내야수,김동준,두산,0.237,5,0,1,30,2,0.333,0.283,0.616,3,0.259,0.333
811,2025,내야수,강승호,두산,0.236,24,2,11,113,7,0.372,0.302,0.674,19,0.224,0.333
812,2025,내야수,위즈덤,KIA,0.236,52,2,4,142,9,0.535,0.321,0.856,25,0.207,0.200
813,2025,내야수,안주형,삼성,0.235,1,0,0,5,1,0.412,0.278,0.690,0,0.000,0.000
814,2025,내야수,김규성,KIA,0.233,21,0,2,49,1,0.301,0.313,0.614,9,0.204,0.714
815,2025,내야수,김태진,키움,0.233,20,1,0,53,6,0.341,0.281,0.622,15,0.156,0.214
816,2025,내야수,오영수,NC,0.232,22,0,2,47,0,0.323,0.335,0.658,9,0.262,0.273
817,2025,내야수,심우준,한화,0.231,17,0,3,49,4,0.300,0.287,0.587,9,0.250,0.000
818,2025,내야수,전태현,키움,0.231,20,0,0,59,2,0.258,0.304,0.562,8,0.282,0.267
819,2025,내야수,나승엽,롯데,0.229,55,2,5,65,10,0.360,0.347,0.707,13,0.275,0.571
820,2025,내야수,박준영,두산,0.225,10,0,3,32,1,0.324,0.304,0.628,6,0.179,0.000
821,2025,내야수,권동진,KT,0.225,30,0,1,91,8,0.303,0.304,0.607,12,0.270,0.500
822,2025,내야수,변우혁,KIA,0.218,10,0,1,47,3,0.268,0.275,0.543,9,0.311,0.200
823,2025,내야수,김성현,SSG,0.217,16,0,1,20,4,0.270,0.316,0.586,2,0.226,0.375
824,2025,내야수,고영우,키움,0.217,2,0,0,6,2,0.261,0.280,0.541,1,0.300,0.000
825,2025,내야수,정훈,롯데,0.216,10,1,3,40,4,0.308,0.268,0.576,7,0.140,0.083
826,2025,내야수,문상철,KT,0.214,25,0,5,44,3,0.347,0.325,0.672,6,0.178,0.250
827,2025,내야수,염승원,키움,0.211,1,0,0,6,0,0.211,0.238,0.449,0,0.000,0.000
828,2025,내야수,이영빈,LG,0.208,1,0,0,35,1,0.375,0.216,0.591,1,0.238,0.000
829,2025,내야수,장준원,KT,0.207,8,0,0,27,5,0.250,0.248,0.498,6,0.182,0.000
830,2025,내야수,박민,KIA,0.202,5,0,3,33,1,0.287,0.265,0.552,4,0.211,0.250
831,2025,내야수,이창용,삼성,0.200,2,0,0,8,0,0.467,0.294,0.761,0,0.167,0.000
832,2025,내야수,이해승,삼성,0.200,0,0,0,2,0,0.200,0.200,0.400,0,0.500,0.000
833,2025,내야수,김주성,LG,0.200,1,0,1,2,0,0.400,0.294,0.694,0,0.000,0.250
834,2025,내야수,손용준,LG,0.200,0,0,1,5,2,0.200,0.250,0.450,0,0.250,0.000
835,2025,내야수,김준상,두산,0.200,0,0,1,8,0,0.267,0.250,0.517,1,0.000,0.000
836,2025,내야수,홍대인,SSG,0.200,0,0,0,2,0,0.200,0.200,0.400,0,0.000,0.000
837,2025,내야수,박병호,삼성,0.199,27,0,7,70,5,0.454,0.315,0.769,9,0.208,0.063
838,2025,내야수,최준우,SSG,0.191,30,0,3,47,3,0.250,0.328,0.578,5,0.262,0.148
839,2025,내야수,박승욱,롯데,0.190,5,0,1,30,0,0.226,0.244,0.470,2,0.200,0.000
840,2025,내야수,황대인,KIA,0.189,3,0,0,14,0,0.302,0.228,0.530,3,0.250,0.000
841,2025,내야수,양우현,삼성,0.188,0,0,0,2,0,0.250,0.188,0.438,0,0.286,0.000
842,2025,내야수,한재환,NC,0.185,2,0,2,14,0,0.185,0.290,0.475,0,0.300,0.200
843,2025,내야수,심재훈,삼성,0.184,4,0,0,13,0,0.184,0.262,0.446,2,0.222,0.000
844,2025,내야수,김정율,LG,0.182,1,0,0,6,0,0.182,0.231,0.413,0,0.000,0.000
845,2025,내야수,이선우,두산,0.182,0,0,0,2,0,0.273,0.182,0.455,0,0.000,0.333
846,2025,내야수,도태훈,NC,0.182,7,0,8,16,2,0.299,0.315,0.614,2,0.200,0.000
847,2025,내야수,강진성,키움,0.182,2,0,0,1,2,0.182,0.308,0.490,1,0.200,0.000
848,2025,내야수,김찬형,SSG,0.178,3,0,1,13,3,0.205,0.221,0.426,3,0.250,0.000
849,2025,내야수,송지후,키움,0.175,3,0,2,18,3,0.250,0.221,0.471,3,0.154,0.000
850,2025,내야수,안치홍,한화,0.172,16,2,1,39,4,0.230,0.245,0.475,5,0.238,0.200
851,2025,내야수,최정용,KIA,0.167,0,0,0,2,1,0.167,0.167,0.334,0,0.000,0.000
852,2025,내야수,문정빈,LG,0.167,1,0,2,11,0,0.367,0.242,0.609,1,0.100,0.333
853,2025,내야수,신윤후,롯데,0.167,0,0,0,3,0,0.167,0.167,0.334,0,0.000,0.000
854,2025,내야수,최항,롯데,0.167,1,0,0,4,0,0.167,0.286,0.453,0,0.250,0.000
855,2025,내야수,권광민,한화,0.167,0,0,0,5,1,0.222,0.167,0.389,0,0.000,0.250
856,2025,내야수,홍종표,NC,0.164,7,0,0,23,1,0.164,0.235,0.399,1,0.091,0.000
857,2025,내야수,박지환,SSG,0.150,4,0,0,19,1,0.150,0.200,0.350,1,0.176,0.000
858,2025,내야수,이원석,키움,0.143,1,0,0,2,1,0.143,0.250,0.393,0,0.000,0.000
859,2025,내야수,서건창,KIA,0.136,2,0,0,5,1,0.318,0.208,0.526,0,0.000,0.333
860,2025,내야수,여동욱,키움,0.132,7,0,0,21,2,0.264,0.233,0.497,0,0.000,0.286
861,2025,내야수,김민혁,두산,0.118,4,0,0,6,0,0.294,0.286,0.580,0,0.000,0.000
862,2025,내야수,여동건,두산,0.105,2,0,0,2,1,0.105,0.190,0.295,0,0.333,0.333
863,2025,내야수,권혁빈,키움,0.100,2,0,0,7,1,0.100,0.182,0.282,0,0.000,0.000
864,2025,내야수,김수윤,SSG,0.091,0,0,1,4,0,0.091,0.167,0.258,0,0.000,0.000
865,2025,내야수,김웅빈,키움,0.083,6,0,0,7,2,0.083,0.267,0.350,0,0.000,0.000
866,2025,내야수,양현종,키움,0.083,2,0,0,5,0,0.083,0.214,0.297,0,0.000,0.000
867,2025,내야수,김인환,한화,0.080,1,0,0,9,1,0.200,0.115,0.315,0,0.167,0.000
868,2025,내야수,정해원,KIA,0.075,5,0,1,14,4,0.075,0.196,0.271,0,0.091,0.167
869,2025,내야수,윤준혁,KT,0.059,0,0,0,5,0,0.118,0.059,0.177,0,0.000,0.000
870,2025,내야수,강민성,KT,0.033,5,0,0,15,1,0.033,0.167,0.200,0,0.000,0.000
871,2025,내야수,김호진,삼성,-,0,0,0,0,0,-,-,-,0,0.000,0.000
872,2025,내야수,차승준,삼성,0.000,0,0,0,0,0,0.000,0.000,0.000,0,0.000,0.000
873,2025,내야수,김재호,두산,-,0,0,0,0,0,-,-,-,0,0.000,0.000
874,2025,내야수,오서진,KT,-,0,0,0,0,0,-,-,-,0,0.000,0.000
875,2025,내야수,강성우,롯데,-,0,0,0,0,0,-,-,-,0,0.000,0.000
876,2025,내야수,이태경,롯데,0.000,0,0,0,1,0,0.000,0.000,0.000,0,0.000,0.000
877,2025,내야수,박정현,한화,0.000,0,0,0,1,0,0.000,0.000,0.000,0,0.000,0.000
878,2025,내야수,안인산,NC,0.000,0,0,0,3,0,0.000,0.000,0.000,0,0.000,0.000
879,2025,내야수,서유신,키움,0.000,1,0,0,4,0,0.000,0.125,0.125,0,0.000,0.000
880,2025,내야수,이승원,키움,0.000,0,0,0,0,0,0.000,0.000,0.000,0,0.000,0.000
881,2025,외야수,한유섬,SSG,0.273,46,3,7,120,6,0.424,0.347,0.771,36,0.291,0.333
882,2025,외야수,플로리얼,한화,0.271,24,2,1,65,2,0.450,0.333,0.783,21,0.222,0.000
883,2025,외야수,나성범,KIA,0.268,42,1,6,79,6,0.444,0.381,0.825,16,0.257,0.400
884,2025,외야수,김석환,KIA,0.265,14,0,2,55,0,0.359,0.351,0.710,7,0.345,0.625
885,2025,외야수,박관우,LG,0.264,3,0,1,11,1,0.415,0.310,0.725,0,0.294,0.368
886,2025,외야수,변상권,키움,0.263,0,0,0,2,0,0.368,0.250,0.618,0,0.333,0.167
887,2025,외야수,장두성,롯데,0.262,24,0,3,64,3,0.298,0.332,0.630,19,0.269,0.000
888,2025,외야수,스티븐슨,KT,0.262,14,0,4,43,2,0.403,0.341,0.744,12,0.258,0.000
889,2025,외야수,김태연,한화,0.261,23,0,8,62,10,0.340,0.329,0.669,19,0.197,0.067
890,2025,외야수,최인호,한화,0.259,13,0,5,29,5,0.367,0.342,0.709,6,0.300,0.308
891,2025,외야수,정수빈,두산,0.258,61,2,11,57,7,0.348,0.355,0.703,27,0.212,1.000
892,2025,외야수,이정훈,KT,0.258,13,0,3,48,4,0.379,0.338,0.717,6,0.258,0.286
893,2025,외야수,황성빈,롯데,0.256,18,0,4,46,3,0.317,0.315,0.632,19,0.213,0.000
894,2025,외야수,카디네스,키움,0.253,32,2,6,67,7,0.372,0.330,0.702,21,0.284,0.000
895,2025,외야수,박영빈,NC,0.250,1,0,0,2,0,0.250,0.400,0.650,0,1.000,0.000
896,2025,외야수,이우성,NC,0.250,31,0,2,66,8,0.360,0.321,0.681,19,0.213,0.385
897,2025,외야수,주성원,키움,0.250,13,0,4,45,2,0.308,0.322,0.630,10,0.212,0.300
898,2025,외야수,권희동,NC,0.246,77,0,11,80,10,0.363,0.393,0.756,21,0.247,0.077
899,2025,외야수,임지열,키움,0.244,42,0,2,111,11,0.382,0.322,0.704,19,0.310,0.600
900,2025,외야수,조수행,두산,0.244,14,0,0,29,1,0.277,0.323,0.600,6,0.167,0.500
901,2025,외야수,최원준,NC,0.242,23,0,6,71,5,0.332,0.289,0.621,24,0.224,0.200
902,2025,외야수,스톤,키움,0.241,5,0,0,24,2,0.310,0.280,0.590,6,0.286,1.000
903,2025,외야수,김재환,두산,0.241,57,3,4,96,4,0.404,0.354,0.758,19,0.253,0.000
904,2025,외야수,이주형,키움,0.240,37,2,28,115,7,0.368,0.337,0.705,28,0.257,0.222
905,2025,외야수,로하스,KT,0.239,48,3,1,71,9,0.426,0.333,0.759,18,0.227,0.167
906,2025,외야수,천재환,NC,0.238,17,0,5,58,3,0.368,0.292,0.660,12,0.242,0.200
907,2025,외야수,김태훈,삼성,0.237,3,0,0,24,0,0.312,0.260,0.572,2,0.150,0.240
908,2025,외야수,임병욱,키움,0.233,5,0,0,33,3,0.353,0.259,0.612,6,0.290,0.222
909,2025,외야수,김민석,두산,0.228,12,1,2,62,3,0.298,0.269,0.567,12,0.254,0.118
910,2025,외야수,안치영,KT,0.227,4,0,3,13,1,0.318,0.327,0.645,1,0.308,0.000
911,2025,외야수,박주홍,키움,0.226,30,0,1,72,5,0.331,0.310,0.641,12,0.219,0.182
912,2025,외야수,김헌곤,삼성,0.225,11,0,4,29,4,0.295,0.286,0.581,6,0.114,0.333
913,2025,외야수,김동혁,롯데,0.225,18,0,3,26,3,0.292,0.373,0.665,4,0.235,0.000
914,2025,외야수,추재현,두산,0.222,3,0,1,17,2,0.321,0.259,0.580,3,0.111,0.286
915,2025,외야수,김동엽,키움,0.222,2,0,0,11,1,0.296,0.276,0.572,2,0.500,0.000
916,2025,외야수,함수호,삼성,0.214,0,0,0,6,0,0.214,0.214,0.428,1,0.250,0.000
917,2025,외야수,김인태,두산,0.213,36,0,5,57,2,0.328,0.356,0.684,4,0.250,0.341
918,2025,외야수,푸이그,키움,0.212,12,0,4,38,1,0.340,0.285,0.625,9,0.256,0.000
919,2025,외야수,송찬의,LG,0.211,9,0,8,49,4,0.347,0.291,0.638,7,0.237,0.273
920,2025,외야수,장진혁,KT,0.209,13,0,0,46,1,0.331,0.275,0.606,5,0.184,0.167
921,2025,외야수,배정대,KT,0.204,19,0,7,65,4,0.292,0.279,0.571,11,0.281,0.143
922,2025,외야수,박시원,NC,0.204,5,0,0,18,1,0.296,0.271,0.567,0,0.250,0.375
923,2025,외야수,이원석,한화,0.203,23,0,4,51,4,0.292,0.290,0.582,11,0.149,0.500
924,2025,외야수,맥브룸,SSG,0.203,5,2,1,28,2,0.405,0.263,0.668,4,0.261,0.000
925,2025,외야수,오태곤,SSG,0.201,30,0,1,59,4,0.309,0.310,0.619,9,0.196,0.242
926,2025,외야수,김병준,KT,0.200,0,0,0,2,0,0.200,0.200,0.400,0,0.000,0.000
927,2025,외야수,이승민,SSG,0.200,0,0,0,2,0,0.200,0.200,0.400,0,0.000,1.000
928,2025,외야수,이상혁,한화,0.200,0,0,1,3,0,0.300,0.273,0.573,0,0.250,0.000
929,2025,외야수,고승완,NC,0.200,1,0,0,5,0,0.200,0.273,0.473,0,0.000,0.333
930,2025,외야수,송승환,NC,0.200,0,0,0,6,0,0.267,0.200,0.467,0,0.667,0.286
931,2025,외야수,이형종,키움,0.200,9,0,1,22,3,0.329,0.300,0.629,1,0.200,0.222
932,2025,외야수,이성규,삼성,0.198,15,0,10,52,3,0.397,0.327,0.724,3,0.256,0.154
933,2025,외야수,김성욱,SSG,0.195,7,0,1,35,2,0.293,0.244,0.537,5,0.189,0.000
934,2025,외야수,한석현,NC,0.195,12,0,7,27,1,0.319,0.306,0.625,6,0.267,0.167
935,2025,외야수,김대한,두산,0.194,1,0,0,6,0,0.278,0.216,0.494,2,0.167,0.000
936,2025,외야수,함창건,LG,0.188,3,0,0,9,1,0.250,0.250,0.500,1,0.100,0.200
937,2025,외야수,채현우,SSG,0.188,3,0,0,13,1,0.313,0.231,0.544,2,0.231,0.000
938,2025,외야수,윤정빈,삼성,0.175,4,0,0,18,1,0.200,0.239,0.439,2,0.286,0.167
939,2025,외야수,원성준,키움,0.174,7,0,0,18,1,0.326,0.283,0.609,3,0.333,0.200
940,2025,외야수,임종찬,한화,0.167,5,0,0,13,0,0.300,0.286,0.586,1,0.200,0.000
941,2025,외야수,이창진,KIA,0.161,16,0,2,22,2,0.226,0.295,0.521,2,0.143,0.500
942,2025,외야수,유로결,한화,0.154,0,0,1,4,0,0.154,0.214,0.368,0,0.000,0.000
943,2025,외야수,최상민,SSG,0.143,1,0,1,5,0,0.143,0.333,0.476,0,0.000,0.000
944,2025,외야수,하재훈,SSG,0.143,4,0,0,21,1,0.304,0.197,0.501,1,0.167,0.000
945,2025,외야수,조세진,롯데,0.143,2,0,0,4,0,0.143,0.333,0.476,0,0.000,0.000
946,2025,외야수,박수종,키움,0.143,3,0,0,12,0,0.214,0.200,0.414,2,0.083,0.000
947,2025,외야수,장재영,키움,0.143,2,0,0,7,0,0.143,0.250,0.393,0,0.333,0.000
948,2025,외야수,홍현빈,삼성,0.125,3,0,1,8,0,0.188,0.222,0.410,0,0.167,0.143
949,2025,외야수,유준규,KT,0.118,7,0,0,13,0,0.176,0.268,0.444,0,0.111,0.000
950,2025,외야수,박한결,NC,0.118,2,0,0,8,0,0.471,0.211,0.682,0,0.250,0.000
951,2025,외야수,최성민,KT,0.105,1,0,0,5,0,0.105,0.150,0.255,0,0.500,0.000
952,2025,외야수,박헌,KIA,0.083,1,0,1,3,0,0.083,0.214,0.297,0,0.000,0.000
953,2025,외야수,전다민,두산,0.083,0,0,0,0,1,0.083,0.083,0.166,0,0.500,0.000
954,2025,외야수,박재현,KIA,0.081,6,0,0,26,0,0.097,0.159,0.256,0,0.059,0.143
955,2025,외야수,한승현,롯데,0.059,1,0,0,6,0,0.059,0.105,0.164,0,0.000,0.000
956,2025,외야수,김재혁,삼성,0.000,1,0,0,2,0,0.000,0.250,0.250,0,0.000,0.000
957,2025,외야수,최승민,LG,0.000,1,0,0,2,0,0.000,0.167,0.167,0,0.000,0.000
958,2025,외야수,강현구,두산,0.000,0,0,0,1,0,0.000,0.000,0.000,0,0.000,0.000
959,2025,외야수,천현재,두산,0.000,0,0,0,0,1,0.000,0.000,0.000,0,0.000,0.000
960,2025,외야수,김건형,KT,0.000,0,0,0,0,0,0.000,0.000,0.000,0,0.000,0.000
961,2025,외야수,송민섭,KT,-,0,0,0,0,0,-,-,-,0,0.000,0.000
962,2025,외야수,김강민,SSG,-,0,0,0,0,0,-,-,-,0,0.000,0.000
963,2025,외야수,김창평,SSG,-,0,0,0,0,0,-,-,-,0,0.000,0.000
964,2025,외야수,이정범,SSG,0.000,0,0,0,2,0,0.000,0.000,0.000,0,0.000,0.000
965,2025,외야수,임근우,SSG,0.000,0,0,0,1,0,0.000,0.000,0.000,0,0.000,0.000
966,2025,외야수,이인한,롯데,-,0,0,0,0,0,-,-,-,0,0.000,0.000
967,2025,외야수,이민재,한화,0.000,0,0,0,1,1,0.000,0.000,0.000,0,0.000,0.000
968,2025,외야수,김범준,NC,0.000,0,0,0,1,0,0.000,0.000,0.000,0,0.000,0.000
969,2026,내야수,강백호,한화,0.276,3,0,0,11,0,0.517,0.344,0.861,2,0.429,0.000
970,2026,내야수,김도영,KIA,0.273,4,0,0,3,0,0.455,0.385,0.840,2,0.400,0.000
971,2026,내야수,힐리어드,KT,0.269,4,0,0,8,0,0.615,0.355,0.970,2,0.273,0.000
972,2026,내야수,안재석,두산,0.250,4,0,0,2,0,0.500,0.360,0.860,1,0.250,0.000
973,2026,내야수,문보경,LG,0.235,3,0,0,2,1,0.294,0.333,0.627,1,0.250,0.000
974,2026,내야수,최재영,키움,0.231,1,0,0,4,1,0.308,0.286,0.594,1,0.400,0.000
975,2026,내야수,어준서,키움,0.227,3,0,1,4,0,0.227,0.346,0.573,1,0.200,0.000
976,2026,내야수,박민,KIA,0.222,0,0,0,2,0,0.222,0.222,0.444,1,0.500,0.000
977,2026,내야수,전민재,롯데,0.214,2,0,0,3,1,0.214,0.294,0.508,1,0.250,0.000
978,2026,내야수,최주환,키움,0.214,1,0,0,1,3,0.357,0.267,0.624,0,0.125,1.000
979,2026,내야수,신민재,LG,0.208,4,0,0,7,1,0.208,0.321,0.529,1,0.333,0.000
980,2026,내야수,노시환,한화,0.200,2,0,0,13,0,0.233,0.250,0.483,2,0.154,0.000
981,2026,내야수,이도윤,한화,0.200,0,0,0,0,0,0.400,0.200,0.600,0,1.000,0.000
982,2026,내야수,박지훈,두산,0.200,2,0,0,1,0,0.200,0.294,0.494,0,0.400,1.000
983,2026,내야수,김태진,키움,0.200,0,0,0,3,0,0.200,0.200,0.400,0,1.000,0.000
984,2026,내야수,오선진,키움,0.200,0,0,0,0,0,0.200,0.200,0.400,0,0.500,0.000
985,2026,내야수,신재인,NC,0.167,1,0,0,2,0,0.667,0.286,0.953,0,0.000,0.000
986,2026,내야수,류현인,KT,0.167,1,0,1,3,0,0.167,0.250,0.417,1,0.167,0.000
987,2026,내야수,윤도현,KIA,0.167,1,0,0,7,1,0.167,0.211,0.378,0,0.000,0.000
988,2026,내야수,박찬호,두산,0.160,2,0,0,4,2,0.200,0.222,0.422,1,0.333,0.000
989,2026,내야수,양석환,두산,0.130,3,1,0,5,0,0.304,0.231,0.535,1,0.000,0.000
990,2026,내야수,김주원,NC,0.125,3,0,2,5,0,0.167,0.276,0.443,0,0.000,0.000
991,2026,내야수,박한결,키움,0.118,1,0,0,5,0,0.118,0.167,0.285,0,0.000,0.000
992,2026,내야수,김영웅,삼성,0.111,0,0,0,11,0,0.148,0.111,0.259,1,0.125,0.000
993,2026,내야수,오선우,KIA,0.111,2,0,0,8,0,0.278,0.200,0.478,0,0.000,0.000
994,2026,내야수,이재현,삼성,0.105,5,0,1,3,0,0.158,0.320,0.478,0,0.000,0.000
995,2026,내야수,구본혁,LG,0.100,1,0,0,4,0,0.100,0.143,0.243,0,0.143,0.000
996,2026,내야수,서호철,NC,0.100,1,0,0,3,0,0.200,0.182,0.382,0,0.000,0.000
997,2026,내야수,오지환,LG,0.067,1,0,1,2,0,0.133,0.176,0.309,0,0.167,0.000
998,2026,내야수,이영빈,LG,0.000,0,0,0,1,0,0.000,0.000,0.000,0,0.000,0.000
999,2026,내야수,최유빈,한화,-,0,0,0,0,0,-,-,-,0,0.000,0.000
1000,2026,내야수,황영묵,한화,0.000,2,0,0,0,0,0.000,0.500,0.500,0,0.000,0.000
1001,2026,내야수,정준재,SSG,0.000,2,0,0,2,0,0.000,0.154,0.154,0,0.000,0.000
1002,2026,내야수,심재훈,삼성,0.000,0,0,0,0,0,0.000,0.000,0.000,0,0.000,0.000
1003,2026,내야수,양우현,삼성,-,1,0,0,0,0,-,1.000,1.000,0,0.000,0.000
1004,2026,내야수,이해승,삼성,-,0,0,0,0,0,-,-,-,0,0.000,0.000
1005,2026,내야수,전병우,삼성,0.000,0,0,1,1,0,0.000,0.500,0.500,0,0.000,0.000
1006,2026,내야수,김한별,NC,0.000,0,0,0,0,0,0.000,0.000,0.000,0,0.000,0.000
1007,2026,내야수,오영수,NC,0.000,0,0,0,2,0,0.000,0.000,0.000,0,0.000,0.000
1008,2026,내야수,허윤,NC,0.000,0,0,0,1,0,0.000,0.000,0.000,0,0.000,0.000
1009,2026,내야수,김민성,롯데,0.000,2,0,0,0,0,0.000,0.400,0.400,0,0.000,0.000
1010,2026,내야수,이서준,롯데,-,0,0,0,0,0,-,-,-,0,0.000,0.000
1011,2026,내야수,이호준,롯데,0.000,1,0,0,2,0,0.000,0.250,0.250,0,0.000,0.000
1012,2026,내야수,김규성,KIA,-,1,0,0,0,0,-,1.000,1.000,0,0.000,0.000
1013,2026,내야수,정현창,KIA,0.000,0,0,0,1,0,0.000,0.000,0.000,0,0.000,0.000
1014,2026,내야수,오명진,두산,0.000,0,0,0,1,0,0.000,0.000,0.000,0,0.000,0.000
1015,2026,내야수,이유찬,두산,0.000,1,0,0,2,0,0.000,0.200,0.200,0,0.000,0.000
1016,2026,외야수,신윤후,롯데,0.000,0,0,0,1,0,0.000,0.000,0.000,0,0.000,0.000
1017,2026,외야수,장두성,롯데,0.000,0,0,0,0,0,0.000,0.000,0.000,0,0.000,0.000
1018,2026,외야수,박재현,KIA,-,0,0,0,0,0,-,-,-,0,0.000,0.000
1019,2026,외야수,이창진,KIA,0.000,0,0,0,1,1,0.000,0.000,0.000,0,0.000,0.000
1020,2026,외야수,박수종,키움,-,0,0,0,0,0,-,-,-,0,0.000,0.000
1021,2026,외야수,박주홍,키움,0.000,0,0,0,0,1,0.000,0.000,0.000,0,0.000,0.000
1022,2026,외야수,이형종,키움,0.000,3,0,1,3,0,0.000,0.364,0.364,0,0.000,0.000
1023,2026,외야수,이주형,키움,0.269,1,0,2,7,0,0.423,0.345,0.768,2,0.400,0.000
1024,2026,외야수,김성욱,SSG,0.250,3,0,0,2,0,0.250,0.455,0.705,0,0.000,0.000
1025,2026,외야수,최지훈,SSG,0.250,4,0,0,3,1,0.650,0.375,1.025,1,0.375,0.000
1026,2026,외야수,함수호,삼성,0.250,0,0,0,2,0,0.250,0.250,0.500,0,0.333,0.250
1027,2026,외야수,윤동희,롯데,0.250,1,0,0,5,1,0.542,0.280,0.822,2,0.000,0.000
1028,2026,외야수,김인태,두산,0.250,2,0,1,1,0,1.000,0.571,1.571,0,0.000,0.500
1029,2026,외야수,임지열,키움,0.250,1,0,0,2,0,0.250,0.333,0.583,0,0.000,0.000
1030,2026,외야수,전준우,롯데,0.238,2,0,0,2,0,0.429,0.292,0.721,2,0.200,0.000
1031,2026,외야수,레이예스,롯데,0.227,5,0,0,5,1,0.636,0.370,1.006,1,0.500,0.000
1032,2026,외야수,정수빈,두산,0.227,5,0,0,5,0,0.227,0.370,0.597,1,0.429,0.000
1033,2026,외야수,손호영,롯데,0.217,3,0,0,4,1,0.478,0.308,0.786,1,0.000,0.000
1034,2026,외야수,나성범,KIA,0.200,1,0,1,8,0,0.320,0.259,0.579,1,0.250,0.000
1035,2026,외야수,김지찬,삼성,0.188,7,1,1,2,0,0.375,0.458,0.833,0,0.500,0.000
1036,2026,외야수,홍창기,LG,0.174,5,0,0,6,0,0.261,0.321,0.582,0,0.250,0.000
1037,2026,외야수,박해민,LG,0.167,1,0,1,2,0,0.167,0.250,0.417,0,0.000,0.000
1038,2026,외야수,한유섬,SSG,0.167,3,0,0,2,1,0.167,0.333,0.500,0,0.000,0.000
1039,2026,외야수,김호령,KIA,0.167,3,0,0,5,0,0.250,0.259,0.509,1,0.100,0.000
1040,2026,외야수,추재현,키움,0.143,0,0,0,1,1,0.143,0.143,0.286,0,0.200,0.000
1041,2026,외야수,김재환,SSG,0.043,4,0,0,5,2,0.174,0.179,0.353,0,0.143,0.000
1042,2026,외야수,송찬의,LG,0.000,0,0,0,0,0,0.000,0.000,0.000,0,0.000,0.000
1043,2026,외야수,이재원,LG,0.000,1,0,0,4,0,0.000,0.143,0.143,0,0.000,0.000
1044,2026,외야수,손아섭,한화,0.000,0,0,0,0,0,0.000,0.000,0.000,0,0.000,0.000
1045,2026,외야수,임근우,SSG,0.000,0,0,0,0,0,0.000,0.000,0.000,0,0.000,0.000
1046,2026,외야수,김헌곤,삼성,0.000,0,0,0,1,0,0.000,0.000,0.000,0,0.000,0.000
1047,2026,외야수,홍현빈,삼성,-,0,0,0,0,0,-,-,-,0,0.000,0.000
1048,2026,외야수,고준휘,NC,0.000,1,0,0,1,0,0.000,0.250,0.250,0,0.000,0.000
1049,2026,외야수,천재환,NC,0.000,3,0,0,1,0,0.000,0.273,0.273,0,0.000,0.000
1050,2026,외야수,배정대,KT,0.000,1,0,0,2,0,0.000,0.250,0.250,0,0.000,0.000
1051,2026,외야수,안치영,KT,-,0,0,0,0,0,-,-,-,0,0.000,0.000
1052,2026,외야수,장진혁,KT,0.000,0,0,0,1,0,0.000,0.000,0.000,0,0.000,0.000
1053,2026,외야수,신윤후,롯데,0.000,0,0,0,1,0,0.000,0.000,0.000,0,0.000,0.000
1054,2026,외야수,장두성,롯데,0.000,0,0,0,0,0,0.000,0.000,0.000,0,0.000,0.000
1055,2026,외야수,박재현,KIA,-,0,0,0,0,0,-,-,-,0,0.000,0.000
1056,2026,외야수,이창진,KIA,0.000,0,0,0,1,1,0.000,0.000,0.000,0,0.000,0.000
1057,2026,외야수,박수종,키움,-,0,0,0,0,0,-,-,-,0,0.000,0.000
1058,2026,외야수,박주홍,키움,0.000,0,0,0,0,1,0.000,0.000,0.000,0,0.000,0.000
1059,2026,외야수,이형종,키움,0.000,3,0,1,3,0,0.000,0.364,0.364,0,0.000,0.000
